Double One,May,2006,2006-05-20,2ONE_06,London,UK,EU,1th edition,BET,WTA,DEP,2017-08-30,Tournois/2ONE_06_res.html
Double One,May,2007,2007-05-12,2ONE_07,London,UK,EU,2th edition,MHD,PRS,JSR,2017-08-30,Tournois/2ONE_07_res.html
Double One,June,2008,2008-06-21,2ONE_08,London,UK,EU,3th edition,MHD,JKN,PDI,2017-08-30,Tournois/2ONE_08_res.html
Double One,June,2010,2010-06-26,2ONE_10,London,UK,EU,4th edition,,,,2017-08-30,Tournois/2ONE_10_res.html
Double One,June,2011,2011-06-24,2ONE_11,London,UK,EU,5th edition,,,,2017-08-30,Tournois/2ONE_11_res.html
Double One,June,2012,2012-06-23,2ONE_12,London,UK,EU,6th edition,,,,2017-08-30,Tournois/2ONE_12_res.html
Double One,June,2013,2013-06-28,2ONE_13,London,UK,EU,7th edition,PRS,RYD,JPG,2017-08-30,Tournois/2ONE_13_res.html
Double One,June,2014,2014-06-27,2ONE_14,London,UK,EU,8th edition,,,,2017-08-30,Tournois/2ONE_14_res.html
Double One,June,2015,2015-06-25,2ONE_15,London,UK,EU,9th edition,,,,2017-08-30,Tournois/2ONE_15_res.html
Double One,June,2016,2016-06-23,2ONE_16,London,UK,EU,10th edition,,,,2017-08-30,Tournois/2ONE_16_res.html
Alpen Festung,April,2011,2011-04-09,ALPEN_11,Amden,Switzerland,EU,0th edition,SAH,,,2017-08-30,Tournois/ALPEN_11_res.html
Alpen Festung,April-August,2012,2012-04-25,ALPEN_12,Amden,Switzerland,EU,0th edition,,,,2017-08-30,Tournois/ALPEN_12_res.html
Alpen Festung,April-August,2013,2013-04-20,ALPEN_13,Amden,Switzerland,EU,0th edition,,,,2017-08-30,Tournois/ALPEN_13_res.html
Alpen Festung,April-August,2014,2014-04-01,ALPEN_14,Amden,Switzerland,EU,0th edition,,,,2017-08-30,Tournois/ALPEN_14_res.html
Alpen Festung,August,2015,2015-08-14,ALPEN_15,Amden,Switzerland,EU,0th edition,,,,2017-08-30,Tournois/ALPEN_15_res.html
Alpen Festung,July,2016,2016-07-08,ALPEN_16,Amden,Switzerland,EU,0th edition,HLE,,,2017-08-30,Tournois/ALPEN_16_res.html
A bridge too far,October,2003,2003-09-12,ARNH_03,Arnhem,Neetherlands,EU,2th edition,VYX,,,2017-08-30,Tournois/ARNH_03_res.html
A bridge too far,October,2004,2004-09-17,ARNH_04,Arnhem,Neetherlands,EU,3th edition,FKM,DRA,RGC,2017-08-30,Tournois/ARNH_04_res.html
A bridge too far,September,2005,2005-09-15,ARNH_05,Arnhem,Neetherlands,EU,4th edition,BNF,RMM,TLJ,2017-08-30,Tournois/ARNH_05_res.html
A bridge too far,September,2006,2006-09-21,ARNH_06,Arnhem,Neetherlands,EU,5th edition,FKM,RMM,RSJ,2017-08-30,Tournois/ARNH_06_res.html
A bridge too far,September,2007,2007-09-22,ARNH_07,Arnhem,Neetherlands,EU,6th edition,PGT,SSB,MMK,2017-08-30,Tournois/ARNH_07_res.html
A bridge too far,September,2008,2008-09-18,ARNH_08,Arnhem,Neetherlands,EU,7th edition,MMK,SSB,MAR,2017-08-30,Tournois/ARNH_08_res.html
A bridge too far,September,2009,2009-09-24,ARNH_09,Arnhem,Neetherlands,EU,8th edition,PGT,HHM,SUP,2017-08-30,Tournois/ARNH_09_res.html
A bridge too far,September,2010,2010-09-26,ARNH_10,Arnhem,Neetherlands,EU,9th edition,,,,2017-08-30,Tournois/ARNH_10_res.html
A bridge too far,September,2011,2011-09-24,ARNH_11,Arnhem,Neetherlands,EU,10th edition,SFP,SSB,MIC,2017-08-30,Tournois/ARNH_11_res.html
A bridge too far,September,2012,2012-09-23,ARNH_12,Arnhem,Neetherlands,EU,11th edition,SSB,SFP,DRA,2017-08-30,Tournois/ARNH_12_res.html
Pacifi ASL,July,2016,2016-07-29,ASIA_16,Manila,Philippines,other,0th edition,,,,2017-08-30,Tournois/ASIA_16_res.html
Pacifi ASL,July,2017,2017-07-28,ASIA_17,Angkhor,Cambodia,other,0th edition,,,,2017-08-30,Tournois/ASIA_17_res.html
ASL Oktoberfest,October,2001,2001-10-01,ASLOK_01,"Cleveland,OHIO",USA,US/Ca,16th edition,PAS,TRA,DES,2017-08-30,Tournois/ASLOK_01_res.html
ASL Oktoberfest,October,2002,2002-10-06,ASLOK_02,"Cleveland,OHIO",USA,US/Ca,17th edition,CSC,PAS,BSB,2017-08-30,Tournois/ASLOK_02_res.html
ASL Oktoberfest,October,2003,2003-10-04,ASLOK_03,"Cleveland,OHIO",USA,US/Ca,18th edition,CNN,TGL,PAS,2017-08-30,Tournois/ASLOK_03_res.html
ASL Oktoberfest,October,2004,2004-10-02,ASLOK_04,"Cleveland,OHIO",USA,US/Ca,19th edition,PAS,VNW,SLC,2017-08-30,Tournois/ASLOK_04_res.html
ASL Oktoberfest,October,2005,2005-09-30,ASLOK_05,"Cleveland,OHIO",USA,US/Ca,20th edition,TYJ,HHM,LYD,2017-08-30,Tournois/ASLOK_05_res.html
ASL Oktoberfest,October,2006,2006-09-30,ASLOK_06,"Cleveland,OHIO",USA,US/Ca,21th edition,BSB,PAS,VNW,2017-08-30,Tournois/ASLOK_06_res.html
ASL Oktoberfest,October,2007,2007-09-27,ASLOK_07,"Cleveland,OHIO",USA,US/Ca,22th edition,PAS,MDO,TYJ,2017-08-30,Tournois/ASLOK_07_res.html
ASL Oktoberfest,October,2008,2008-10-04,ASLOK_08,"Cleveland,OHIO",USA,US/Ca,23th edition,PAS,COW,SN3,2017-08-30,Tournois/ASLOK_08_res.html
ASL Oktoberfest,October,2009,2009-10-02,ASLOK_09,"Cleveland,OHIO",USA,US/Ca,24th edition,PAS,,,2017-08-30,Tournois/ASLOK_09_res.html
ASL Oktoberfest,October,2010,2010-10-01,ASLOK_10,"Cleveland,OHIO",USA,US/Ca,25th edition,BSB,PAS,,2017-08-30,Tournois/ASLOK_10_res.html
ASL Oktoberfest,October,2011,2011-10-01,ASLOK_11,"Cleveland,OHIO",USA,US/Ca,26th edition,FYG,,,2017-08-30,Tournois/ASLOK_11_res.html
ASL Oktoberfest,October,2015,2015-10-07,ASLOK_15,"Cleveland,OHIO",USA,US/Ca,30th edition,PAS,,,2017-08-30,Tournois/ASLOK_15_res.html
Scandinavian Open,February,2015,2015-02-20,ASO_15,Copenhague,Denmark,EU,18th edition,PGT,SUP,FKM,2017-08-30,Tournois/ASO_15_res.html
Scandinavian Open,February,2016,2016-02-26,ASO_16,Copenhague,Denmark,EU,19th edition,FKM,TEG,RMM,2017-08-30,Tournois/ASO_16_res.html
Scandinavian Open,February,2017,2017-02-24,ASO_17,Copenhague,Denmark,EU,20th edition,,,,2017-08-30,Tournois/ASO_17_res.html
Spreading Blaze,August,2016,2016-08-07,ATLAN_16,"Duluth, NE",USA,hidden,0th edition,,,,2017-08-30,Tournois/ATLAN_16_res.html
Bitter End,April,2012,2012-04-12,B-END_12,NC,USA,US/Ca,0th edition,FYG,SN3,SND,2017-08-30,Tournois/B-END_12_res.html
Bitter End,April,2013,2013-04-04,B-END_13,NC,USA,US/Ca,0th edition,TEG,SLW,SN3,2017-08-30,Tournois/B-END_13_res.html
Bitter End,May-June,2014,2014-05-30,B-END_14,NC,USA,US/Ca,0th edition,SUP,FYG,HAM,2017-08-30,Tournois/B-END_14_res.html
Bitter End,May,2015,2015-05-01,B-END_15,NC,USA,US/Ca,0th edition,,,,2017-08-30,Tournois/B-END_15_res.html
Bitter End,April-May,2016,2016-04-29,B-END_16,NC,USA,US/Ca,0th edition,,,,2017-08-30,Tournois/B-END_16_res.html
Bitter End,April,2017,2017-04-28,B-END_17,NC,USA,US/Ca,0th edition,,,,2017-08-30,Tournois/B-END_17_res.html
ASL Fanatic,October,2003,2003-10-16,BARC_03,Barcelona,Spain,EU,5th edition,BNF,BIM,RSD,2017-08-30,Tournois/BARC_03_res.html
ASL Fanatic,November-December,2004,2004-11-13,BARC_04,Barcelona,Spain,EU,6th edition,,,,2017-08-30,Tournois/BARC_04_res.html
ASL Fanatic,November,2006,2006-11-25,BARC_06,Barcelona,Spain,EU,8th edition,,,,2017-08-30,Tournois/BARC_06_res.html
ASL Fanatic,November,2007,2007-11-24,BARC_07,Barcelona,Spain,EU,9th edition,SZL,MOI,GNA,2017-08-30,Tournois/BARC_07_res.html
ASL Fanatic,November,2008,2008-11-15,BARC_08,Barcelona,Spain,EU,10th edition,,,,2017-08-30,Tournois/BARC_08_res.html
ASL Fanatic,November,2009,2009-11-24,BARC_09,Barcelona,Spain,EU,11th edition,,,,2017-08-30,Tournois/BARC_09_res.html
ASL Fanatic,November,2010,2010-11-13,BARC_10,Barcelona,Spain,EU,12th edition,,,,2017-08-30,Tournois/BARC_10_res.html
ASL Fanatic,November,2011,2011-11-05,BARC_11,Cocheras de Sants (B,Spain,EU,13th edition,LZ3,,,2017-08-30,Tournois/BARC_11_res.html
ASL Fanatic,November,2012,2012-11-24,BARC_12,Cocheras de Sants(Ba,Spain,EU,14th edition,C8M,,,2017-08-30,Tournois/BARC_12_res.html
ASL Fanatic,November,2013,2013-11-23,BARC_13,Cocheras de Sants(Ba,Spain,EU,15th edition,C8M,FNJ,LZS,2017-08-30,Tournois/BARC_13_res.html
ASL Fanatic,October,2014,2014-10-04,BARC_14,Cocheras de Sants(Ba,Spain,EU,16th edition,,,,2017-08-30,Tournois/BARC_14_res.html
ASL Fanatic,October,2015,2015-10-24,BARC_15,Cocheras de Sants(Ba,Spain,EU,17th edition,ROF,,FNJ,2017-08-30,Tournois/BARC_15_res.html
ASL Fanatic,October,2016,2016-10-22,BARC_16,Cocheras de Sants(Ba,Spain,EU,18th edition,,,,2017-08-30,Tournois/BARC_16_res.html
Canberra Con,January-February,2015,2015-01-30,CANCO_15,Canberra,Australia,other,0th edition,,,,2017-08-30,Tournois/CANCO_15_res.html
Canberra Con,January,2016,2016-01-23,CANCO_16,Canberra,Australia,other,0th edition,,,,2017-08-30,Tournois/CANCO_16_res.html
Canberra Con,January,2017,2017-01-27,CANCO_17,Canberra,Australia,other,0th edition,,,,2017-08-30,Tournois/CANCO_17_res.html
Canadian ASL Open,September,2007,2007-09-28,CASLO_07,"Winnipeg, Manitoba",Canada,US/Ca,11th edition,BDW,KSD,RS2,2017-08-30,Tournois/CASLO_07_res.html
Canadian ASL Open,September,2008,2008-09-19,CASLO_08,"Winnipeg, Manitoba",Canada,US/Ca,12th edition,WNR,MDO,EEA,2017-08-30,Tournois/CASLO_08_res.html
Canadian ASL Open,September,2009,2009-09-18,CASLO_09,"Winnipeg, Manitoba",Canada,US/Ca,13th edition,,RS2,BDW,2017-08-30,Tournois/CASLO_09_res.html
Canadian ASL Open,September,2010,2010-09-17,CASLO_10,"Ottawa, Ontario",Canada,US/Ca,14th edition,TAG,YGK,EEA,2017-08-30,Tournois/CASLO_10_res.html
Canadian ASL Open,September,2011,2011-09-16,CASLO_11,"Ottawa, Ontario",Canada,US/Ca,15th edition,EEA,YGK,ES2,2017-08-30,Tournois/CASLO_11_res.html
Canadian ASL Open,May,2012,2012-05-18,CASLO_12,"Winnipeg, Manitoba",Canada,US/Ca,16th edition,KSD,141,LTR,2017-08-30,Tournois/CASLO_12_res.html
Canadian ASL Open,May,2013,2013-05-17,CASLO_13,"Winnipeg, Manitoba",Canada,US/Ca,17th edition,WN3,WAB,CDP,2017-08-30,Tournois/CASLO_13_res.html
Canadian ASL Open,May,2014,2014-05-16,CASLO_14,"Calgary, Alberta",Canada,US/Ca,17th edition,RS2,WER,CDP,2017-08-30,Tournois/CASLO_14_res.html
Canadian ASL Open,May,2015,2015-05-15,CASLO_15,"Winnipeg, Manitoba",Canada,US/Ca,19th edition,EEA,MSM,KSD,2017-08-30,Tournois/CASLO_15_res.html
Canadian ASL Open,May,2016,2016-05-20,CASLO_16,"Montreal, QuÃ¯Â¿Â½ÃƒÂƒÃ¯Â¿Â½",Canada,US/Ca,20th edition,WAB,SUP,BXP,2017-08-30,Tournois/CASLO_16_res.html
Canadian ASL Open,May,2017,2017-05-19,CASLO_17,"Montreal, Quebec",Canada,US/Ca,21th edition,,,,2017-08-30,Tournois/CASLO_17_res.html
Torneo Espanol VASL,May-December,2011,2011-05-06,CONSC_11,Internet,Web,VASL,1th edition,PES,,,2017-08-30,Tournois/CONSC_11_res.html
Torneo Espanol VASL,July-December,2012,2012-07-01,CONSC_12,Internet,Web,VASL,2th edition,NOB,,,2017-08-30,Tournois/CONSC_12_res.html
Torneo Espanol VASL,February-December,2013,2013-04-30,CONSC_13,Internet,Web,VASL,3th edition,NOB,LZS,PA1,2017-08-30,Tournois/CONSC_13_res.html
Torneo Espanol VASL,April-December,2014,2014-04-15,CONSC_14,Internet,Web,VASL,4th edition,GAC,,,2017-08-30,Tournois/CONSC_14_res.html
Cyber VASL S2,April-December,2014,2014-06-02,CYBER_14,Internet,Web,VASL,1th edition,C2L,,,2017-08-30,Tournois/CYBER_14_res.html
Cyber VASL,January-December,2015,2015-01-01,CYBER_15,Internet,Web,VASL,2th edition,C2L,TEL,,2017-08-30,Tournois/CYBER_15_res.html
Cyber VASL,June/2015:August/2016,2016,,CYBER_II,Internet,Web,VASL,3th edition,C2L,WAB,,2017-08-30,Tournois/CYBER_II_res.html
Cyber VASL,June/2015:August/2016,2016,2015-06-20,CYBER_III,Internet,Web,VASL,3th edition,C2L,WAB,,2017-08-30,Tournois/CYBERIII_res.html
Cyber VASL,January/2016:March/2017,2017,2016-01-01,CYBER_IV,Internet,Web,VASL,4th edition,WAB,C2L,,2017-08-30,Tournois/CYBER_IV_res.html
Cyber VASL,July/2016:April/2017,2017,2016-07-01,CYBER_V,Internet,Web,VASL,5th edition,PAP,G1D,,2017-08-30,Tournois/CYBER_V_res.html
Death Wish,January-November,2015,2015-01-25,DWISH_15,Internet,Web,VASL,1th edition,CNN,,,2017-08-30,Tournois/DWISH_15_res.html
Death Wish,November,2016,2016-11-30,DWISH_16,Internet,Web,VASL,2th edition,,,,2017-08-30,Tournois/DWISH_16_res.html
EDA Tournament,June,2002,2002-06-01,EDA_02,Uppsala,Sweden,EU,0th edition,,,,2017-08-30,Tournois/EDA_02_res.html
Enfilade!,May,2010,2010-05-28,ENFIL_10,"Seattle, WA",USA,US/Ca,0th edition,,,,2017-08-30,Tournois/ENFIL_10_res.html
Enfilade!,May,2011,2011-05-27,ENFIL_11,"Seattle, WA",USA,US/Ca,0th edition,JSI,B3S,,2017-08-30,Tournois/ENFIL_11_res.html
Enfilade!,May,2012,2012-05-25,ENFIL_12,"Seattle, WA",USA,US/Ca,0th edition,SRL,,,2017-08-30,Tournois/ENFIL_12_res.html
Friendly Fire,August,2014,2014-08-29,FFIRE_14,LinkÃ¶ping,Sweden,EU,11th edition,FKM,,,2017-08-30,Tournois/FFIRE_14_res.html
Tournoi du forum franÃ§ais,September/2006:July/2007,2007,2006-09-30,FORUM_06,Internet,Web,VASL,1th edition,VYX,,,2017-08-30,Tournois/FORUM_06_res.html
Tournoi du forum franÃ§ais,October/2007:April/2008,2008,2007-10-31,FORUM_08,Internet,Web,VASL,2th edition,BCJ,BNF,SS8,2017-08-30,Tournois/FORUM_08_res.html
Tournoi du forum franÃ§ais,October/2008:June/2009,2009,2008-10-31,FORUM_09,Internet,Web,VASL,3th edition,SS8,BCJ,,2017-08-30,Tournois/FORUM_09_res.html
Tournoi du forum franÃ§ais,October/2009:June/2010,2010,2009-10-31,FORUM_10,Internet,Web,VASL,4th edition,FEG,B3P,LNL,2017-08-30,Tournois/FORUM_10_res.html
Tournoi du forum franÃ§ais,February-December,2011,2011-02-28,FORUM_11,Internet,Web,VASL,5th edition,C2L,,,2017-08-30,Tournois/FORUM_11_res.html
Tournoi du forum franÃ§ais,February-December,2012,2012-02-29,FORUM_12,Internet,Web,VASL,5th edition,VYX,,,2017-08-30,Tournois/FORUM_12_res.html
Tournoi du forum franÃ§ais,November/2012:November/2013,2013,2012-11-30,FORUM_13,Internet,Web,VASL,6th edition,RRP,NOB,C2L,2017-08-30,Tournois/FORUM_13_res.html
Tournoi du forum franÃ§ais,November/2013:September/2014,2014,2013-12-01,FORUM_14,Internet,Web,VASL,7th edition,LNL,C2L,PTA,2017-08-30,Tournois/FORUM_14_res.html
Gatteo Mare,April,2008,2008-04-25,GATT_08,Gatteo Mare,Italy,EU,1th edition,IAS,PIC,MAG,2017-08-30,Tournois/GATT_08_res.html
Gatteo Mare,May,2009,2009-05-01,GATT_09,Gatteo Mare,Italy,EU,2th edition,BYA,IAS,PIN,2017-08-30,Tournois/GATT_09_res.html
Ginger Drinkers' Revenge,September,2014,2014-09-14,GINGR_14,Hong-Kong,China,hidden,1th edition,,,,2017-08-30,Tournois/GINGR_14_res.html
Grenadier,November,2001,2001-11-02,GREN_01,Hergarten,Germany,EU,3th edition,HLS,,,2017-08-30,Tournois/GREN_01_res.html
Grenadier,November,2002,2002-11-08,GREN_02,Hergarten,Germany,EU,4th edition,PGT,,,2017-08-30,Tournois/GREN_02_res.html
Grenadier,November,2003,2003-11-07,GREN_03,Hergarten,Germany,EU,5th edition,,,,2017-08-30,Tournois/GREN_03_res.html
Grenadier,November,2004,2004-11-05,GREN_04,Oberbettingen,Germany,EU,6th edition,MISSING-8,,,2017-08-30,Tournois/GREN_04_res.html
Grenadier,November,2005,2005-11-04,GREN_05,Oberbettingen,Germany,EU,7th edition,MIC,,,2017-08-30,Tournois/GREN_05_res.html
Grenadier,November,2006,2006-11-03,GREN_06,Oberbettingen,Germany,EU,8th edition,RRP,,,2017-08-30,Tournois/GREN_06_res.html
Grenadier,November,2007,2007-11-02,GREN_07,Oberbettingen,Germany,EU,9th edition,BXP,,,2017-08-30,Tournois/GREN_07_res.html
Grenadier,November,2008,2008-11-07,GREN_08,Hergarten,Germany,EU,10th edition,SFP,BNF,GNR,2017-08-30,Tournois/GREN_08_res.html
Grenadier,November,2009,2009-11-06,GREN_09,Hergarten,Germany,EU,11th edition,TEG,WNR,HEC,2017-08-30,Tournois/GREN_09_res.html
Grenadier,November,2010,2010-11-05,GREN_10,Hergarten,Germany,EU,12th edition,NOB,MNG,SFP,2017-08-30,Tournois/GREN_10_res.html
Grenadier,November,2011,2011-11-11,GREN_11,Hergarten,Germany,EU,13th edition,PEC,BXP,KIT,2017-08-30,Tournois/GREN_11_res.html
Grenadier,November,2012,2012-11-02,GREN_12,Hergarten,Germany,EU,14th edition,HLS,KTA,MISSING-8,2017-08-30,Tournois/GREN_12_res.html
Grenadier,November,2013,2013-11-08,GREN_13,Hergarten,Germany,EU,15th edition,TEG,DHR,BNF,2017-08-30,Tournois/GREN_13_res.html
Grenadier,November,2014,2014-11-14,GREN_14,Hergarten,Germany,EU,16th edition,TID,HLS,,2017-08-30,Tournois/GREN_14_res.html
Grenadier,November,2015,2015-11-13,GREN_15,Hergarten,Germany,EU,17th edition,TEG,,,2017-08-30,Tournois/GREN_15_res.html
Grenadier,November,2016,2016-11-04,GREN_16,Hergarten,Germany,EU,18th edition,,,,2017-08-30,Tournois/GREN_16_res.html
Hero Tournament,March,2005,2005-03-25,HERO_05,Blackpool,UK,EU,2th edition,PGT,,,2017-08-30,Tournois/HERO_05_res.html
Hero Tournament,March,2006,2006-03-09,HERO_06,Blackpool,UK,EU,3th edition,PGT,,,2017-08-30,Tournois/HERO_06_res.html
Hero Tournament,April,2007,2007-03-23,HERO_07,Blackpool,UK,EU,4th edition,TRD,,,2017-08-30,Tournois/HERO_07_res.html
Hero Tournament,March,2008,2008-03-07,HERO_08,Blackpool,UK,EU,5th edition,BET,,,2017-08-30,Tournois/HERO_08_res.html
Hero Tournament,March,2009,2009-03-12,HERO_09,Blackpool,UK,EU,6th edition,MHD,,,2017-08-30,Tournois/HERO_09_res.html
Hero Tournament,March,2010,2010-03-12,HERO_10,Blackpool,UK,EU,7th edition,DRP,,,2017-08-30,Tournois/HERO_10_res.html
Hero Tournament,March,2011,2011-03-11,HERO_11,Blackpool,UK,EU,8th edition,TEG,,,2017-08-30,Tournois/HERO_11_res.html
Hero Tournament,March,2012,2012-03-09,HERO_12,Blackpool,UK,EU,9th edition,BNC,BER,,2017-08-30,Tournois/HERO_12_res.html
Hero Tournament,March,2013,2013-03-06,HERO_13,Blackpool,UK,EU,10th edition,,,,2017-08-30,Tournois/HERO_13_res.html
Hero Tournament,March,2014,2014-03-05,HERO_14,Blackpool,UK,EU,11th edition,,,,2017-08-30,Tournois/HERO_14_res.html
Hero Tournament,March,2015,2015-03-04,HERO_15,Blackpool,UK,EU,12th edition,,,,2017-08-30,Tournois/HERO_15_res.html
Hero Tournament,March,2016,2016-03-09,HERO_16,Blackpool,UK,EU,13th edition,,,,2017-08-30,Tournois/HERO_16_res.html
Hero Tournament,March,2017,,HERO_17,Blackpool,UK,EU,14th edition,,,,2017-08-30,Tournois/HERO_17_res.html
Intensive Fire,October,2007,2007-10-27,IF_07,Bournemouth,UK,EU,12th edition,DRP,,,2017-08-30,Tournois/IF_07_res.html
Intensive Fire,October,2008,2008-10-25,IF_08,Bournemouth,UK,EU,13th edition,MHD,,,2017-08-30,Tournois/IF_08_res.html
Intensive Fire,October,2009,2009-10-22,IF_09,Bournemouth,UK,EU,15th edition,BER,,,2017-08-30,Tournois/IF_09_res.html
Intensive Fire,October,2010,2010-10-30,IF_10,Bournemouth,UK,EU,16th edition,SDD,,,2017-08-30,Tournois/IF_10_res.html
Intensive Fire,October,2011,2011-10-26,IF_11,Bournemouth,UK,EU,17th edition,MST,,,2017-08-30,Tournois/IF_11_res.html
Intensive Fire,October,2012,2012-10-28,IF_12,Bournemouth,UK,EU,18th edition,BNC,BNG,GGE,2017-08-30,Tournois/IF_12_res.html
Intensive Fire,November,2014,2014-11-09,IF_14,Bournemouth,UK,EU,20th edition,,,,2017-08-30,Tournois/IF_14_res.html
Intensive Fire,November,2015,2015-11-04,IF_15,Bournemouth,UK,EU,21th edition,,,,2017-08-30,Tournois/IF_15_res.html
Intensive Fire,November,2016,2016-11-02,IF_16,Bournemouth,UK,EU,22th edition,,,,2017-08-30,Tournois/IF_16_res.html
ASL ITALIA,September,2006,2006-09-08,ITAL_06,Verona,Italia,EU,1th edition,TEG,PIA,MIC,2017-08-30,Tournois/ITAL_06_res.html
ASL ITALIA,September,2007,2007-09-07,ITAL_07,Verona,Italia,EU,2th edition,SEA,DAU,IAS,2017-08-30,Tournois/ITAL_07_res.html
ASL ITALIA,September,2008,2008-09-05,ITAL_08,Verona,Italia,EU,3th edition,DAU,DHR,ASM,2017-08-30,Tournois/ITAL_08_res.html
ASL ITALIA,September,2009,2009-09-11,ITAL_09,Verona,Italia,EU,4th edition,DAU,PIA,GOM,2017-08-30,Tournois/ITAL_09_res.html
ASL ITALIA,September,2010,2010-09-10,ITAL_10,Verona,Italia,EU,5th edition,GOM,DHR,SS8,2017-08-30,Tournois/ITAL_10_res.html
ASL ITALIA,June,2011,2011-06-03,ITAL_11,Carimate,Italia,EU,6th edition,DAU,OIA,COE,2017-08-30,Tournois/ITAL_11_res.html
ASL ITALIA,June,2012,2012-06-15,ITAL_12,Carimate,Italia,EU,7th edition,TEG,SS8,GOM,2017-08-30,Tournois/ITAL_12_res.html
ASL ITALIA,June,2013,2013-06-14,ITAL_13,Carimate,Italia,EU,8th edition,COE,WAB,DAU,2017-08-30,Tournois/ITAL_13_res.html
ASL ITALIA,June,2014,2014-06-06,ITAL_14,Carimate,Italia,EU,9th edition,GOM,BXP,7SA,2017-08-30,Tournois/ITAL_14_res.html
ASL ITALIA,May,2015,2015-05-08,ITAL_15,San Marino,Italia,EU,10th edition,COA,,,2017-08-30,Tournois/ITAL_15_res.html
Juno Bear,June,2010,2010-10-12,JUNO_10,Sydney,Australia,other,0th edition,MTM,SEP,WED,2017-08-30,Tournois/JUNO_10_res.html
Juno Bear,June,2014,2014-06-07,JUNO_14,Sydney,Australia,other,0th edition,,,,2017-08-30,Tournois/JUNO_14_res.html
Juno Bear,June,2015,2015-06-14,JUNO_15,Sydney,Australia,other,0th edition,,,,2017-08-30,Tournois/JUNO_15_res.html
Juno Bear,June,2016,2016-06-11,JUNO_16,Sydney,Australia,other,0th edition,,,,2017-08-30,Tournois/JUNO_16_res.html
Juno Bear,June,2017,2017-06-10,JUNO_17,Sydney,Australia,other,0th edition,,,,2017-08-30,Tournois/JUNO_17_res.html
VASL Top League,January-November,2013,2013-02-28,LEAG0_13,Internet,Web,VASL,7th edition,,,,2017-08-30,Tournois/LEAG0_13_res.html
VASL Top League,January-November,2014,2014-02-28,LEAG0_14,Internet,Web,VASL,8th edition,,,,2017-08-30,Tournois/LEAG0_14_res.html
VASL Top League,January-December,2015,2015-03-01,LEAG0_15,Internet,Web,VASL,9th edition,NAC,FYG,LRP,2017-08-30,Tournois/LEAG0_15_res.html
VASL Top League,January-December,2016,2016-03-01,LEAG0_16,Internet,Web,VASL,10th edition,FYG,,,2017-08-30,Tournois/LEAG0_16_res.html
VASL European and Oceanian League,January-November,2013,2013-02-28,LEAG1_13,Internet,Web,VASL,0th edition,,,,2017-08-30,Tournois/LEAG1_13_res.html
VASL European and Oceanian League,January-November,2014,2014-02-28,LEAG1_14,Internet,Web,VASL,0th edition,,,,2017-08-30,Tournois/LEAG1_14_res.html
VASL European and Oceanian League,January-December,2015,2015-03-01,LEAG1_15,Internet,Web,VASL,9th edition,LNL,FGW,TEL,2017-08-30,Tournois/LEAG1_15_res.html
VASL European and Oceanian League,January-December,2016,2016-03-01,LEAG1_16,Internet,Web,VASL,10th edition,MIC,,,2017-08-30,Tournois/LEAG1_16_res.html
VASL Eastern US and Canada League,January-November,2013,2013-02-28,LEAG2_13,Internet,Web,VASL,0th edition,,,,2017-08-30,Tournois/LEAG2_13_res.html
VASL Eastern US and Canada League,January-November,2014,2014-02-28,LEAG2_14,Internet,Web,VASL,0th edition,,,,2017-08-30,Tournois/LEAG2_14_res.html
VASL Eastern US and Canada League,January-December,2015,2015-02-27,LEAG2_15,Internet,Web,VASL,9th edition,YGK,HTS,WAB,2017-08-30,Tournois/LEAG2_15_res.html
VASL Eastern US and Canada League,January-December,2016,2016-03-01,LEAG2_16,Internet,Web,VASL,10th edition,,,,2017-08-30,Tournois/LEAG2_16_res.html
VASL Western US League,January-December,2013,2013-02-28,LEAG3_13,Internet,Web,VASL,0th edition,,,,2017-08-30,Tournois/LEAG3_13_res.html
VASL Western US League,January-December,2014,2014-02-28,LEAG3_14,Internet,Web,VASL,0th edition,,,,2017-08-30,Tournois/LEAG3_14_res.html
VASL Western US League,January-December,2015,2015-03-01,LEAG3_15,Internet,Web,VASL,9th edition,RLB,VC1,BE3,2017-08-30,Tournois/LEAG3_15_res.html
VASL Western US League,January-December,2016,2016-03-01,LEAG3_16,Internet,Web,VASL,10th edition,,,,2017-08-30,Tournois/LEAG3_16_res.html
VASL Second Line League,January-December,2016,2016-03-01,LEAG4_16,Internet,Web,VASL,10th edition,,,,2017-08-30,Tournois/LEAG4_16_res.html
Friendly Fire,September,2003,2003-09-07,LINK_03,LinkÃ¶ping,Sweden,EU,1th edition,,,,2017-08-30,Tournois/LINK_03_res.html
Friendly Fire,September,2004,2004-09-04,LINK_04,LinkÃ¶ping,Sweden,EU,2th edition,,,,2017-08-30,Tournois/LINK_04_res.html
Friendly Fire,August,2005,2005-08-26,LINK_05,LinkÃ¶ping,Sweden,EU,3th edition,,,,2017-08-30,Tournois/LINK_05_res.html
Friendly Fire,August,2006,2006-08-25,LINK_06,LinkÃ¶ping,Sweden,EU,4th edition,,,,2017-08-30,Tournois/LINK_06_res.html
Friendly Fire,September,2007,2007-09-07,LINK_07,LinkÃ¶ping,Sweden,EU,5th edition,,,,2017-08-30,Tournois/LINK_07_res.html
Friendly Fire,August,2008,2008-08-29,LINK_08,LinkÃ¶ping,Sweden,EU,6th edition,,,,2017-08-30,Tournois/LINK_08_res.html
Friendly Fire,August,2009,2009-08-28,LINK_09,LinkÃ¶ping,Sweden,EU,7th edition,SDM,FKM,BIE,2017-08-30,Tournois/LINK_09_res.html
Friendly Fire,September,2010,2010-09-03,LINK_10,LinkÃ¶ping,Sweden,EU,8th edition,MMK,SSB,SDM,2017-08-30,Tournois/LINK_10_res.html
Friendly Fire,September,2011,2011-09-02,LINK_11,LinkÃ¶ping,Sweden,EU,9th edition,SSB,CNA,SDM,2017-08-30,Tournois/LINK_11_res.html
Friendly Fire,August,2013,2013-08-23,LINK_13,LinkÃ¶ping,Sweden,EU,10th edition,SSB,FKM,HHM,2017-08-30,Tournois/LINK_13_res.html
Friendly Fire,September,2015,2015-09-04,LINK_15,LinkÃ¶ping,Sweden,hidden,12th edition,FKM,LND,HNE,2017-08-30,Tournois/LINK_15_res.html
Villeurbane,April,2011,2011-04-23,LYON_11,Villeurbane,France,EU,1th edition,HUJ,TEG,,2017-08-30,Tournois/LYON_11_res.html
Villeurbane,March-April,2012,2012-03-30,LYON_12,Villeurbane,France,EU,2th edition,BNF,GDC,BIM,2017-08-30,Tournois/LYON_12_res.html
Villeurbane,March,2013,2013-03-22,LYON_13,Villeurbane,France,EU,3th edition,BNF,BXP,NOB,2017-08-30,Tournois/LYON_13_res.html
Villeurbane,March,2014,2014-03-28,LYON_14,Villeurbane,France,EU,4th edition,BXP,BNF,,2017-08-30,Tournois/LYON_14_res.html
Villeurbane,March,2015,2015-03-27,LYON_15,Villeurbane,France,EU,5th edition,BNF,,,2017-08-30,Tournois/LYON_15_res.html
Street Fighting in Sioux City (MAGE Fall Con),September,2004,2004-09-04,MAGEF_04,"Sioux City, IA",USA,US/Ca,0th edition,LRP,,,2017-08-30,Tournois/MAGEF_04_res.html
Street Fighting in Sioux City (MAGE Fall Con),September,2005,2005-10-01,MAGEF_05,"Sioux City, IA",USA,US/Ca,0th edition,NN1,,,2017-08-30,Tournois/MAGEF_05_res.html
Street Fighting in Sioux City (MAGE Fall Con),September,2006,2006-10-01,MAGEF_06,"Sioux City, IA",USA,US/Ca,0th edition,,,,2017-08-30,Tournois/MAGEF_06_res.html
Street Fighting in Sioux City (MAGE Fall Con),September,2007,2007-09-01,MAGEF_07,"Sioux City, IA",USA,US/Ca,0th edition,RTB,NN1,,2017-08-30,Tournois/MAGEF_07_res.html
Street Fighting in Sioux City (MAGE Fall Con),August,2008,2008-08-30,MAGEF_08,"Sioux City, IA",USA,US/Ca,0th edition,WSP,NN1,,2017-08-30,Tournois/MAGEF_08_res.html
Street Fighting in Sioux City (MAGE Fall Con),September,2009,2009-09-05,MAGEF_09,"Sioux City, IA",USA,US/Ca,0th edition,KAJ,ETS,W2R,2017-08-30,Tournois/MAGEF_09_res.html
Street Fighting in Sioux City (MAGE Fall Con),September,2010,2010-09-04,MAGEF_10,"Sioux City, IA",USA,US/Ca,0th edition,NN1,B5B,,2017-08-30,Tournois/MAGEF_10_res.html
Fall Sioux City ASL Tournament,September,2011,2011-09-03,MAGEF_11,"Sioux City, IA",USA,US/Ca,0th edition,LRP,NN1,LH7,2017-08-30,Tournois/MAGEF_11_res.html
Street Fighting in Sioux City (MAGE Fall Con),September,2012,2012-09-01,MAGEF_12,"Sioux City, IA",USA,US/Ca,0th edition,NN1,,,2017-08-30,Tournois/MAGEF_12_res.html
Street Fighting in Sioux City (MAGE Fall Con),August-September,2013,2013-08-31,MAGEF_13,"Sioux City, IA",USA,US/Ca,0th edition,BUM,WRN,,2017-08-30,Tournois/MAGEF_13_res.html
Street Fighting in Sioux City (MAGE Fall Con),August,2014,2014-08-30,MAGEF_14,"Sioux City, IA",USA,US/Ca,0th edition,LZB,KAJ,LRP,2017-08-30,Tournois/MAGEF_14_res.html
Street Fighting in Sioux City (MAGE Spring Con),April,2006,2006-04-01,MAGES_06,"Sioux City, IA",USA,US/Ca,0th edition,ZTL,,,2017-08-30,Tournois/MAGES_06_res.html
Street Fighting in Sioux City (MAGE Spring Con),April-September,2008,2008-04-25,MAGES_08,"Sioux City, IA",USA,US/Ca,0th edition,B4D,M3T,B5B,2017-08-30,Tournois/MAGES_08_res.html
Street Fighting in Sioux City (MAGE Spring Con),April,2009,2009-04-25,MAGES_09,"Sioux City, IA",USA,US/Ca,0th edition,KAJ,ZTL,NN1,2017-08-30,Tournois/MAGES_09_res.html
Street Fighting in Sioux City (MAGE Spring Con),April,2010,2010-04-24,MAGES_10,"Sioux City, IA",USA,US/Ca,0th edition,NN1,B5B,,2017-08-30,Tournois/MAGES_10_res.html
Street Fighting in Sioux City (MAGE Spring Con),April,2012,2012-04-21,MAGES_12,"Sioux City, IA",USA,US/Ca,0th edition,NN1,KAJ,,2017-08-30,Tournois/MAGES_12_res.html
Street Fighting in Sioux City (MAGE Spring Con),April,2013,2013-04-27,MAGES_13,"Sioux City, IA",USA,US/Ca,0th edition,KAJ,WRN,ZTL,2017-08-30,Tournois/MAGES_13_res.html
VASL Major League,January-December,2007,2007-02-01,MAJOR_07,Internet,Web,hidden,0th edition,PIA,COE,HEO,2017-08-30,Tournois/MAJOR_07_res.html
VASL Major League,January-December,2008,2008-02-01,MAJOR_08,Internet,Web,hidden,0th edition,TRA,COE,CE3,2017-08-30,Tournois/MAJOR_08_res.html
VASL Major League,January-December,2009,2009-02-28,MAJOR_09,Internet,Web,hidden,0th edition,TRA,TAG,RIT,2017-08-30,Tournois/MAJOR_09_res.html
VASL Major League,January-December,2010,2010-02-28,MAJOR_10,Internet,Web,hidden,0th edition,FYG,PIA,WAB,2017-08-30,Tournois/MAJOR_10_res.html
Manitoba ASL Open,September,2012,2012-09-08,MANIT_12,"Winnipeg, Manitoba",Canada,US/Ca,1th edition,KLS,LTR,HL7,2017-08-30,Tournois/MANIT_12_res.html
March Madness,March,2006,2006-03-10,MARCH_06,Kansas City,USA,US/Ca,1th edition,RHB,MRR,BYG,2017-08-30,Tournois/MARCH_06_res.html
March Madness,March,2007,2007-03-09,MARCH_07,Kansas City,USA,US/Ca,2th edition,BSI,DRS,SSW,2017-08-30,Tournois/MARCH_07_res.html
March Madness,March,2008,2008-03-14,MARCH_08,Kansas City,USA,US/Ca,3th edition,VNW,NN1,KKD,2017-08-30,Tournois/MARCH_08_res.html
March Madness,March,2009,2009-03-13,MARCH_09,Kansas City,USA,US/Ca,4th edition,BSI,SZR,TAG,2017-08-30,Tournois/MARCH_09_res.html
March Madness,March,2010,2010-03-12,MARCH_10,Kansas City,USA,US/Ca,5th edition,BSI,DGJ,DNM,2017-08-30,Tournois/MARCH_10_res.html
March Madness,March,2011,2011-03-18,MARCH_11,Kansas City,USA,US/Ca,6th edition,KKD,VNW,WRN,2017-08-30,Tournois/MARCH_11_res.html
March Madness,March,2012,2012-03-16,MARCH_12,Kansas City,USA,US/Ca,7th edition,ZCM,NN1,RHR,2017-08-30,Tournois/MARCH_12_res.html
March Madness,March,2013,2013-03-22,MARCH_13,Kansas City,USA,US/Ca,8th edition,PAD,RHB,KKD,2017-08-30,Tournois/MARCH_13_res.html
March Madness,March,2014,2014-03-16,MARCH_14,Kansas City,USA,US/Ca,9th edition,BSI,M21,KKD,2017-08-30,Tournois/MARCH_14_res.html
March Madness,March,2015,2015-03-15,MARCH_15,Kansas City,USA,US/Ca,10th edition,KKD,,,2017-08-30,Tournois/MARCH_15_res.html
March Madness,March,2016,2016-03-19,MARCH_16,Kansas City,USA,US/Ca,11th edition,M21,ASK,BSI,2017-08-30,Tournois/MARCH_16_res.html
March Madness,March,2017,2017-03-17,MARCH_17,Kansas City,USA,US/Ca,12th edition,M21,,,2017-08-30,Tournois/MARCH_17_res.html
VASL Central US Warman League,January-December,2007,2007-02-01,MINC_07,Internet,Web,VASL,0th edition,GRE,LRP,NAC,2017-08-30,Tournois/MINC_07_res.html
VASL Central US Warman League,January-December,2008,2008-02-01,MINC_08,Internet,Web,VASL,0th edition,YGK,WSS,HY2,2017-08-30,Tournois/MINC_08_res.html
VASL Central US Warman League,January-December,2009,2009-02-28,MINC_09,Internet,Web,VASL,0th edition,EEM,MISSING-4,HGG,2017-08-30,Tournois/MINC_09_res.html
VASL Central US and Canada League,January-December,2010,2010-02-28,MINC_10,Internet,Web,VASL,0th edition,HNI,FNR,MSD,2017-08-30,Tournois/MINC_10_res.html
VASL Central/West US and Canada League,January-December,2011,2011-03-01,MINC_11,Internet,Web,VASL,0th edition,BN2,HYT,WRH,2017-08-30,Tournois/MINC_11_res.html
VASL West/Central US and Canada League,January-November ,2012,2012-02-29,MINC_12,Internet,Web,VASL,0th edition,SFN,RGL,JND,2017-08-30,Tournois/MINC_12_res.html
VASL European Minor League,January-December,2007,2007-02-01,MINEU_07,Internet,Web,VASL,0th edition,MIF,GRC,MISSING-6,2017-08-30,Tournois/MINEU_07_res.html
VASL European Minor League,January-December,2008,2008-02-01,MINEU_08,Internet,Web,VASL,0th edition,JDL,IAS,SEA,2017-08-30,Tournois/MINEU_08_res.html
VASL European Minor League,January-December,2009,2009-02-28,MINEU_09,Internet,Web,VASL,0th edition,BLJ,SYA,MIC,2017-08-30,Tournois/MINEU_09_res.html
VASL European and Oceanian League,January-December,2010,2010-02-28,MINEU_10,Internet,Web,VASL,0th edition,BNF,HEO,VAM,2017-08-30,Tournois/MINEU_10_res.html
VASL European and Oceanian League,January-December,2011,2011-02-01,MINEU_11,Internet,Web,VASL,0th edition,OIA,CIL,CNN,2017-08-30,Tournois/MINEU_11_res.html
VASL European and Oceanian League,January-November,2012,2012-02-29,MINEU_12,Internet,Web,VASL,0th edition,NOB,PES,H1M,2017-08-30,Tournois/MINEU_12_res.html
VASL Eastern US League,January-December,2008,2008-02-01,MINE_08,Internet,Web,VASL,0th edition,KYM,MIK,RAE,2017-08-30,Tournois/MINE_08_res.html
VASL Eastern US League,January-December,2009,2009-02-28,MINE_09,Internet,Web,VASL,0th edition,BPJ,FYG,WS1,2017-08-30,Tournois/MINE_09_res.html
VASL Eastern US and Canada League,January-December,2010,2010-02-28,MINE_10,Internet,Web,VASL,0th edition,DHR,CDP,GRE,2017-08-30,Tournois/MINE_10_res.html
VASL Eastern US and Canada League,January-December,2011,2011-03-01,MINE_11,Internet,Web,VASL,0th edition,CEJ,AGS,CMD,2017-08-30,Tournois/MINE_11_res.html
VASL Eastern US and Canada League,January-November,2012,2012-02-29,MINE_12,Internet,Web,VASL,0th edition,CSB,WN3,CMD,2017-08-30,Tournois/MINE_12_res.html
VASL US III League,January-December,2007,2007-02-01,MINUS_07,Internet,Web,VASL,0th edition,TRA,TAG,KGS,2017-08-30,Tournois/MINUS_07_res.html
VASL Western US League,January-December,2008,,MINW_08,Internet,Web,VASL,0th edition,KGS,TN2,CLR,2017-08-30,Tournois/MINW_08_res.html
Malaya Madness,February,2014,2014-02-21,MLAYA_14,Singapore,Malaya,other,1th edition,,,,2017-08-30,Tournois/MLAYA_14_res.html
Rencontres ASL,January-February,2003,2003-01-30,NAMU_03,Namur,Belgium,EU,1th edition,,,,2017-08-30,Tournois/NAMU_03_res.html
Rencontres ASL,February,2005,2005-01-30,NAMU_05,Namur,Belgium,EU,2th edition,,,,2017-08-30,Tournois/NAMU_05_res.html
NOR-EASTER,March-April,2000,2000-03-31,NOR-E_00,"Marlborough, MA",USA,US/Ca,0th edition,PAS,NAC,FOC,2017-08-30,Tournois/NOR-E_00_res.html
NOR-EASTER,March,2001,2001-03-23,NOR-E_01,"Marlborough, MA",USA,US/Ca,0th edition,PAS,AGM,LEE,2017-08-30,Tournois/NOR-E_01_res.html
NOR-EASTER,March,2002,2002-03-22,NOR-E_02,"Marlborough, MA",USA,US/Ca,0th edition,DE2,NNL,MNT,2017-08-30,Tournois/NOR-E_02_res.html
NOR-EASTER,March,2003,2003-03-28,NOR-E_03,"Marlborough, MA",USA,US/Ca,0th edition,,,,2017-08-30,Tournois/NOR-E_03_res.html
NOR-EASTER,March,2004,2004-03-19,NOR-E_04,"Marlborough, MA",USA,US/Ca,0th edition,MNT,JSS,CED,2017-08-30,Tournois/NOR-E_04_res.html
NOR-EASTER,March,2005,2005-03-11,NOR-E_05,"Marlborough, MA",USA,US/Ca,0th edition,PAS,NAC,TNI,2017-08-30,Tournois/NOR-E_05_res.html
NOR-EASTER,March,2006,2006-03-17,NOR-E_06,"Marlborough, MA",USA,US/Ca,0th edition,SUP,NAC,MNT,2017-08-30,Tournois/NOR-E_06_res.html
NOR-EASTER,March,2007,2007-03-23,NOR-E_07,"Marlborough, MA",USA,US/Ca,0th edition,DE2,WAB,MIG,2017-08-30,Tournois/NOR-E_07_res.html
NOR-EASTER,March,2008,2008-03-14,NOR-E_08,"Marlborough, MA",USA,US/Ca,0th edition,NAC,SLC,TAG,2017-08-30,Tournois/NOR-E_08_res.html
NOR-EASTER,March,2009,2009-03-20,NOR-E_09,"Marlborough, MA",USA,US/Ca,0th edition,SUP,LEA,DE2,2017-08-30,Tournois/NOR-E_09_res.html
NOR-EASTER,March,2010,2010-03-19,NOR-E_10,"Boxborough, MA",USA,US/Ca,14th edition,LEA,,,2017-08-30,Tournois/NOR-E_10_res.html
NOR-EASTER,March,2011,2011-03-18,NOR-E_11,"Boxborough, MA",USA,US/Ca,15th edition,TAG,LEA,ANT,2017-08-30,Tournois/NOR-E_11_res.html
NOR-EASTER,March,2012,2012-03-23,NOR-E_12,"Boxborough, MA",USA,US/Ca,16th edition,MIG,SUP,JSS,2017-08-30,Tournois/NOR-E_12_res.html
NOR-EASTER,March,2013,2013-03-22,NOR-E_13,"Boxborough, MA",USA,US/Ca,17th edition,SUP,MIG,TAG,2017-08-30,Tournois/NOR-E_13_res.html
NOR-EASTER,March,2014,2014-03-21,NOR-E_14,"Boxborough, MA",USA,US/Ca,18th edition,NAC,DE2,DRS,2017-08-30,Tournois/NOR-E_14_res.html
NOR-EASTER,March,2015,2015-03-20,NOR-E_15,"Boxborough, MA",USA,US/Ca,19th edition,DE2,AGM,NAC,2017-08-30,Tournois/NOR-E_15_res.html
NOR-EASTER,March-April,2016,2016-04-02,NOR-E_16,"Boxborough, MA",USA,US/Ca,20th edition,,,,2017-08-30,Tournois/NOR-E_16_res.html
NOR-EASTER,March-April,2017,2017-03-31,NOR-E_17,"Boxborough, MA",USA,US/Ca,21th edition,,,,2017-08-30,Tournois/NOR-E_17_res.html
NOR-EASTER,April,1999,1999-04-23,NOR-E_99,"Groton, CT",USA,US/Ca,3th edition,OAM,LEA,MDR,2017-08-30,Tournois/NOR-E_99_res.html
Tournoi Interne Nord,June,2001,2001-06-01,NORD_01,Lille,France,EU,1th edition,,,,2017-08-30,Tournois/NORD_01_res.html
Northwest ASL Championship,February,2012,2012-02-17,NWEST_12,Issaquah (WA),USA,US/Ca,0th edition,WYI,JSI,DYS,2017-08-30,Tournois/NWEST_12_res.html
Northwest ASL Championship,February,2013,2013-02-09,NWEST_13,Issaquah (WA),USA,US/Ca,0th edition,WY1,K2G,,2017-08-30,Tournois/NWEST_13_res.html
Northwest ASL Championship,February,2014,2014-02-07,NWEST_14,Issaquah (WA),USA,US/Ca,0th edition,FRL,,,2017-08-30,Tournois/NWEST_14_res.html
Northwest ASL Championship,February,2015,2015-02-06,NWEST_15,Issaquah (WA),USA,US/Ca,0th edition,FRL,,,2017-08-30,Tournois/NWEST_15_res.html
Northwest ASL Championship,February,2016,2016-02-05,NWEST_16,Issaquah (WA),USA,hidden,0th edition,,,,2017-08-30,Tournois/NWEST_16_res.html
Northwest ASL Championship,February,2017,2017-02-10,NWEST_17,Issaquah (WA),USA,hidden,0th edition,,,,2017-08-30,Tournois/NWEST_17_res.html
NYS ASL Championship,December,2005,2005-12-03,NYS_05,Albany NY,USA,US/Ca,2th edition,PAS,VNW,LEE,2017-08-30,Tournois/NYS_05_res.html
NYS ASL Championship,December,2006,2006-12-01,NYS_06,Albany NY,USA,US/Ca,3th edition,,,,2017-08-30,Tournois/NYS_06_res.html
NYS ASL Championship,November-December,2007,2007-11-30,NYS_07,Albany NY,USA,US/Ca,4th edition,SUP,PAS,BSB,2017-08-30,Tournois/NYS_07_res.html
NYS ASL Championship,December,2008,2008-12-05,NYS_08,Albany NY,USA,US/Ca,5th edition,PAS,SUP,NAC,2017-08-30,Tournois/NYS_08_res.html
NYS ASL Championship,December,2009,2009-12-04,NYS_09,Albany NY,USA,US/Ca,6th edition,TYJ,RIR,SUP,2017-08-30,Tournois/NYS_09_res.html
NYS ASL Championship,December,2010,2010-12-03,NYS_10,Albany NY,USA,US/Ca,7th edition,BSB,MIG,SUP,2017-08-30,Tournois/NYS_10_res.html
NYS ASL Championship,December,2011,2011-12-02,NYS_11,Albany NY,USA,US/Ca,8th edition,RNA,TYJ,BSB,2017-08-30,Tournois/NYS_11_res.html
NYS ASL Championship,November-December,2012,2012-11-30,NYS_12,Albany NY,USA,US/Ca,9th edition,PAS,FYG,HNB,2017-08-30,Tournois/NYS_12_res.html
NYS ASL Championship,December,2013,2013-12-06,NYS_13,Albany NY,USA,US/Ca,10th edition,MIG,SUP,NAC,2017-08-30,Tournois/NYS_13_res.html
NYS ASL Championship,December,2014,2014-12-05,NYS_14,Albany NY,USA,US/Ca,11th edition,SUP,HNB,CDP,2017-08-30,Tournois/NYS_14_res.html
NYS ASL Championship,December,2015,2015-12-04,NYS_15,Albany NY,USA,US/Ca,12th edition,TYJ,SFP,CDP,2017-08-30,Tournois/NYS_15_res.html
NYS ASL Championship,December,2016,2016-12-01,NYS_16,Albany NY,USA,US/Ca,13th edition,SUP,HHM,CNC,2017-08-30,Tournois/NYS_16_res.html
ASL OPEN,April,2002,2002-04-26,OPEN_02,"Chicago,IL",USA,US/Ca,0th edition,HNB,PSO,KKD,2017-08-30,Tournois/OPEN_02_res.html
ASL OPEN,April-May,2005,2005-04-29,OPEN_05,"Chicago,IL",USA,US/Ca,0th edition,,,,2017-08-30,Tournois/OPEN_05_res.html
ASL OPEN,March-April,2006,2006-03-31,OPEN_06,"Chicago,IL",USA,US/Ca,0th edition,,,,2017-08-30,Tournois/OPEN_06_res.html
ASL OPEN,April,2007,2007-04-13,OPEN_07,"Chicago,IL",USA,US/Ca,0th edition,BSB,SGP,DSN,2017-08-30,Tournois/OPEN_07_res.html
ASL OPEN,April,2008,2008-04-04,OPEN_08,"Chicago,IL",USA,US/Ca,0th edition,,,,2017-08-30,Tournois/OPEN_08_res.html
ASL OPEN,April,2009,2009-04-03,OPEN_09,"Chicago,IL",USA,US/Ca,0th edition,,,,2017-08-30,Tournois/OPEN_09_res.html
ASL OPEN,April,2010,2010-04-09,OPEN_10,"Chicago,IL",USA,US/Ca,0th edition,RIR,SYI,JNS,2017-08-30,Tournois/OPEN_10_res.html
ASL OPEN,April,2011,2011-04-01,OPEN_11,"Chicago,IL",USA,US/Ca,0th edition,HNB,BCR,KKD,2017-08-30,Tournois/OPEN_11_res.html
ASL OPEN,April,2012,2012-04-20,OPEN_12,"Chicago,IL",USA,US/Ca,0th edition,HMB,DHR,HDB,2017-08-30,Tournois/OPEN_12_res.html
ASL OPEN,April,2013,2013-04-12,OPEN_13,"Chicago,IL",USA,US/Ca,0th edition,ZZM,HDB,KKD,2017-08-30,Tournois/OPEN_13_res.html
ASL OPEN,April,2014,2014-04-11,OPEN_14,"Chicago,IL",USA,US/Ca,0th edition,SYI,JNS,DSS,2017-08-30,Tournois/OPEN_14_res.html
ASL OPEN,April,2015,2015-04-24,OPEN_15,"Chicago,IL",USA,US/Ca,0th edition,YRT,VNW,JNS,2017-08-30,Tournois/OPEN_15_res.html
ASL OPEN,April,2016,2016-04-15,OPEN_16,"Chicago,IL",USA,US/Ca,0th edition,HNB,DHR,VNW,2017-08-30,Tournois/OPEN_16_res.html
ASL OPEN,March-April,2017,2017-03-30,OPEN_17,"Chicago,IL",USA,US/Ca,0th edition,HNB,VNW,BSC,2017-08-30,Tournois/OPEN_17_res.html
ASL Ring,June,2001,2001-06-02,RING_01,Villeneuve d'Asq,France,EU,11th edition,TSY,BXP,BNF,2017-08-30,Tournois/RING_01_res.html
ASL Ring,May,2002,2002-05-18,RING_02,Villeneuve d'Asq,France,EU,12th edition,TEG,MIC,BNF,2017-08-30,Tournois/RING_02_res.html
ASL Ring,June,2003,2003-06-07,RING_03,Villeneuve d'Asq,France,EU,13th edition,SFP,GDC,DTP,2017-08-30,Tournois/RING_03_res.html
ASL Ring,June-July,2004,2004-06-29,RING_04,Villeneuve d'Asq,France,EU,14th edition,GDC,BXP,BNF,2017-08-30,Tournois/RING_04_res.html
ASL Ring,May,2005,2005-05-14,RING_05,Villeneuve d'Asq,France,EU,15th edition,NOB,MIC,PTJ,2017-08-30,Tournois/RING_05_res.html
ASL Ring,June,2006,2006-06-03,RING_06,Villeneuve d'Asq,France,EU,16th edition,SFP,COP,RRP,2017-08-30,Tournois/RING_06_res.html
ASL Ring,May,2007,2007-05-26,RING_07,Villeneuve d'Asq,France,EU,17th edition,TEG,NOB,LRJ,2017-08-30,Tournois/RING_07_res.html
ASL Ring,May,2008,2008-05-11,RING_08,Villeneuve d'Asq,France,EU,18th edition,TEG,REA,BNF,2017-08-30,Tournois/RING_08_res.html
ASL Ring,May,2009,2009-05-29,RING_09,Villeneuve d'Asq,France,EU,19th edition,FTL,BXP,GDC,2017-08-30,Tournois/RING_09_res.html
ASL Ring,May,2010,2010-05-21,RING_10,Villeneuve d'Asq,France,EU,20th edition,TEG,BNF,GDC,2017-08-30,Tournois/RING_10_res.html
ASL Ring,June,2011,2011-06-10,RING_11,Villeneuve d'Asq,France,EU,21th edition,TEG,HLS,KTA,2017-08-30,Tournois/RING_11_res.html
ASL Ring,May,2012,2012-05-25,RING_12,Villeneuve d'Asq,France,EU,22th edition,TEG,BNF,C2L,2017-08-30,Tournois/RING_12_res.html
ASL Ring,May,2013,2013-05-17,RING_13,Villeneuve d'Asq,France,EU,23th edition,TEG,RRP,FTL,2017-08-30,Tournois/RING_13_res.html
ASL Ring,June,2014,2014-06-06,RING_14,Villeneuve d'Asq,France,EU,24th edition,FTL,KTA,HLS,2017-08-30,Tournois/RING_14_res.html
ASL Ring,June,2015,2015-06-05,RING_15,Villeneuve d'Asq,France,EU,25th edition,MNG,BXP,,2017-08-30,Tournois/RING_15_res.html
ASL Ring,May,2016,2016-05-13,RING_16,Villeneuve d'Asq,France,EU,26th edition,BIM,DHO,NOB,2017-08-30,Tournois/RING_16_res.html
ASL Ring,June,2017,,RING_17,Villeneuve d'Asq,France,EU,27th edition,HZS,NOB,BXP,2017-08-30,Tournois/RING_17_res.html
Stockholm ASL,May-June,2003,2003-05-30,SAT_03,Stockholm,Sweden,EU,1th edition,FKM,RGC,LZJ,2017-08-30,Tournois/SAT_03_res.html
Stockholm ASL,May,2004,2004-05-21,SAT_04,Stockholm,Sweden,EU,2th edition,MGP,FKM,SNJ,2017-08-30,Tournois/SAT_04_res.html
Stockholm ASL,May,2005,2005-05-06,SAT_05,Stockholm,Sweden,EU,3th edition,FKM,GNO,SDM,2017-08-30,Tournois/SAT_05_res.html
Stockholm ASL,May,2006,2006-05-26,SAT_06,Stockholm,Sweden,EU,4th edition,GNO,SDM,RGC,2017-08-30,Tournois/SAT_06_res.html
Stockholm ASL,May,2007,2007-05-18,SAT_07,Stockholm,Sweden,EU,5th edition,MGP,MMK,SDM,2017-08-30,Tournois/SAT_07_res.html
Stockholm ASL,May,2008,2008-05-02,SAT_08,Stockholm,Sweden,EU,6th edition,HNP,FKM,SDM,2017-08-30,Tournois/SAT_08_res.html
Stockholm ASL,May,2009,2009-05-22,SAT_09,Stockholm,Sweden,EU,7th edition,SDM,GNO,,2017-08-30,Tournois/SAT_09_res.html
Stockholm ASL,May,2010,2010-05-14,SAT_10,Stockholm,Sweden,EU,8th edition,GNO,RMM,SDM,2017-08-30,Tournois/SAT_10_res.html
Stockholm ASL,June,2011,2011-06-03,SAT_11,Stockholm,Sweden,EU,9th edition,FKM,,,2017-08-30,Tournois/SAT_11_res.html
Stockholm ASL,May,2012,2012-05-18,SAT_12,Stockholm,Sweden,EU,10th edition,HNP,,,2017-08-30,Tournois/SAT_12_res.html
Stockholm ASL,May,2013,2013-05-10,SAT_13,Stockholm,Sweden,EU,11th edition,FKM,C2E,KIT,2017-08-30,Tournois/SAT_13_res.html
Stockholm ASL,May-June,2014,2014-05-30,SAT_14,Stockholm,Sweden,EU,12th edition,,,,2017-08-30,Tournois/SAT_14_res.html
Stockholm ASL,May-June,2015,2015-05-15,SAT_15,Stockholm,Sweden,EU,13th edition,CNA,,,2017-08-30,Tournois/SAT_15_res.html
Stockholm ASL,May-June,2016,2016-05-06,SAT_16,Stockholm,Sweden,EU,14th edition,,CNA,,2017-08-30,Tournois/SAT_16_res.html
Scandinavian Open,February,2000,2000-02-25,SCO_00,Copenhague,Denmark,EU,3th edition,TEG,,FKM,2017-08-30,Tournois/SCO_00_res.html
Scandinavian Open,February,2001,2001-02-01,SCO_01,Copenhague,Denmark,EU,4th edition,TEG,FKM,CNN,2017-08-30,Tournois/SCO_01_res.html
Scandinavian Open,February,2002,2002-02-01,SCO_02,Copenhague,Denmark,EU,5th edition,TLJ,PGT,TEG,2017-08-30,Tournois/SCO_02_res.html
Scandinavian Open,February,2003,2003-02-01,SCO_03,Copenhague,Denmark,EU,6th edition,PGT,FKM,RGC,2017-08-30,Tournois/SCO_03_res.html
Scandinavian Open,February,2004,2004-02-01,SCO_04,Copenhague,Denmark,EU,7th edition,MLB,PGT,MGP,2017-08-30,Tournois/SCO_04_res.html
Scandinavian Open,February,2005,2005-02-02,SCO_05,Copenhague,Denmark,EU,8th edition,PGT,FKM,LNN,2017-08-30,Tournois/SCO_05_res.html
Scandinavian Open,February,2006,2006-02-22,SCO_06,Copenhague,Denmark,EU,9th edition,SFP,PGT,RMM,2017-08-30,Tournois/SCO_06_res.html
Scandinavian Open,February,2007,2007-02-23,SCO_07,Copenhague,Denmark,EU,10th edition,SFP,SSB,PGT,2017-08-30,Tournois/SCO_07_res.html
Scandinavian Open,February,2008,2008-02-22,SCO_08,Copenhague,Denmark,EU,11th edition,FKM,PGT,MMK,2017-08-30,Tournois/SCO_08_res.html
Scandinavian Open,February,2009,2009-02-20,SCO_09,Copenhague,Denmark,EU,12th edition,FKM,,,2017-08-30,Tournois/SCO_09_res.html
Scandinavian Open,February,2010,2010-02-26,SCO_10,Copenhague,Denmark,EU,13th edition,PGT,FKM,BLM,2017-08-30,Tournois/SCO_10_res.html
Scandinavian Open,February,2011,2011-02-25,SCO_11,Copenhague,Denmark,EU,14th edition,SDM,FKM,MMK,2017-08-30,Tournois/SCO_11_res.html
Scandinavian Open,February,2012,2012-02-24,SCO_12,Copenhague,Denmark,EU,15th edition,FKM,TEG,,2017-08-30,Tournois/SCO_12_res.html
Scandinavian Open,February,2013,2013-02-22,SCO_13,Copenhague,Denmark,EU,16th edition,PGT,SEA,,2017-08-30,Tournois/SCO_13_res.html
Scandinavian Open,February,2014,2014-02-21,SCO_14,Copenhague,Denmark,EU,17th edition,FKM,WDD,TEG,2017-08-30,Tournois/SCO_14_res.html
Scandinavian Open,February,1998,1998-04-03,SCO_98,Copenhague,Denmark,EU,1th edition,FKM,,HHM,2017-08-30,Tournois/SCO_98_res.html
Scandinavian Open,February,1999,1999-02-26,SCO_99,Copenhague,Denmark,EU,2th edition,TEG,TRD,FKM,2017-08-30,Tournois/SCO_99_res.html
Street Fighting in Sioux City (MAGE Fall Con),September,2015,2015-09-05,SIOUX_15,"Sioux City, IA",USA,US/Ca,0th edition,WSP,,,2017-08-30,Tournois/SIOUX_15_res.html
Sissukoni Tournament,August,2003,,SISSU_03,,Finland,EU,0th edition,,,,2017-08-30,Tournois/SISSU_03_res.html
Sissukoni,August,2013,2013-08-23,SISSU_13,Helsinki,Finland,EU,15th edition,KAT,WDA,,2017-08-30,Tournois/SISSU_13_res.html
Sissukoni,August,2014,2014-08-22,SISSU_14,Helsinki,Finland,EU,16th edition,VI0,LI4,KA4,2017-08-30,Tournois/SISSU_14_res.html
Sissukoni,August,2015,2015-08-21,SISSU_15,Helsinki,Finland,EU,17th edition,KA4,LI4,RNJ,2017-08-30,Tournois/SISSU_15_res.html
Sissukoni,August,2016,2016-08-19,SISSU_16,Helsinki,Finland,EU,18th edition,,,,2017-08-30,Tournois/SISSU_16_res.html
SL Association of Brisbane,January-May,2014,2014-01-16,SLAB_14,Brisbane,Australia,other,1th edition,WRN,WRP,,2017-08-30,Tournois/SLAB_14_res.html
San Marino Con,May,2006,2006-05-13,SMAR_06,San Marino,Italy,EU,1th edition,PIA,DAU,,2017-08-30,Tournois/SMAR_06_res.html
San Marino Con,May,2007,2007-05-11,SMAR_07,San Marino,Italy,EU,2th edition,PIA,COA,TIM,2017-08-30,Tournois/SMAR_07_res.html
San Marino Con,May,2008,2008-05-16,SMAR_08,San Marino,Italy,EU,3th edition,DAU,COS,DOR,2017-08-30,Tournois/SMAR_08_res.html
San Marino Con,May,2009,2009-05-15,SMAR_09,San Marino,Italy,EU,4th edition,DAU,7SA,TIM,2017-08-30,Tournois/SMAR_09_res.html
San Marino Con,May,2013,2013-05-18,SMAR_13,San Marino,Italy,EU,5th edition,COA,COS,GAE,2017-08-30,Tournois/SMAR_13_res.html
San Marino Con,May,2014,2014-05-25,SMAR_14,San Marino,Italy,EU,6th edition,COA,COS,MAG,2017-08-30,Tournois/SMAR_14_res.html
Special Carl s : Night,April,2015,2015-04-30,SPEC1_15,Internet,Web,VASL,1th edition,RIR,,,2017-08-30,Tournois/SPEC1_15_res.html
Special Carl s : Desert,July,2015,2015-07-31,SPEC2_15,Internet,Web,VASL,1th edition,,,,2017-08-30,Tournois/SPEC2_15_res.html
Special Carl s : altogether,July,2016,2016-07-31,SPEC_16,Internet,Web,VASL,2th edition,,,,2017-08-30,Tournois/SPEC_16_res.html
Saint Louis ASL Tournament,July,2000,2000-07-28,STLOU_00,St-Louis (MO),USA,US/Ca,3th edition,BRS,KKD,VNW,2017-08-30,Tournois/STLOU_00_res.html
Saint Louis ASL Tournament,July,2001,2001-07-27,STLOU_01,St-Louis (MO),USA,US/Ca,4th edition,SUP,VNW,KKD,2017-08-30,Tournois/STLOU_01_res.html
Saint Louis ASL Tournament,July,2002,2002-07-26,STLOU_02,St-Louis (MO),USA,US/Ca,5th edition,VNW,RIR,C26,2017-08-30,Tournois/STLOU_02_res.html
Saint Louis ASL Tournament,July,2003,2003-07-25,STLOU_03,St-Louis (MO),USA,US/Ca,6th edition,WSP,SZR,TAG,2017-08-30,Tournois/STLOU_03_res.html
Saint Louis ASL Tournament,July,2004,2004-07-23,STLOU_04,St-Louis (MO),USA,US/Ca,7th edition,HMB,KKD,RIR,2017-08-30,Tournois/STLOU_04_res.html
Saint Louis ASL Tournament,July,2005,2005-07-29,STLOU_05,St-Louis (MO),USA,US/Ca,8th edition,HMB,VNW,AID,2017-08-30,Tournois/STLOU_05_res.html
Saint Louis ASL Tournament,July,2006,2006-07-28,STLOU_06,St-Louis (MO),USA,US/Ca,9th edition,TAG,KKD,ENS,2017-08-30,Tournois/STLOU_06_res.html
Saint Louis ASL Tournament,July,2007,2007-07-25,STLOU_07,St-Louis (MO),USA,US/Ca,10th edition,BSB,BTD,GNI,2017-08-30,Tournois/STLOU_07_res.html
Saint Louis ASL Tournament,July,2008,2008-07-25,STLOU_08,St-Louis (MO),USA,US/Ca,11th edition,VNW,GNI,HMB,2017-08-30,Tournois/STLOU_08_res.html
Saint Louis ASL Tournament,July,2009,2009-07-24,STLOU_09,St-Louis (MO),USA,US/Ca,12th edition,VNW,ILJ,B4D,2017-08-30,Tournois/STLOU_09_res.html
Saint Louis ASL Tournament,July,2010,2010-07-23,STLOU_10,St-Louis (MO),USA,US/Ca,13th edition,VNW,KKD,DHR,2017-08-30,Tournois/STLOU_10_res.html
Saint Louis ASL Tournament,July,2011,2011-07-27,STLOU_11,St-Louis (MO),USA,US/Ca,14th edition,VNW,12J,WSP,2017-08-30,Tournois/STLOU_11_res.html
Saint Louis ASL Tournament,July,2012,2012-07-27,STLOU_12,St-Louis (MO),USA,US/Ca,15th edition,WSP,HMB,DHR,2017-08-30,Tournois/STLOU_12_res.html
Saint Louis ASL Tournament,July,2013,2013-07-26,STLOU_13,St-Louis (MO),USA,US/Ca,16th edition,WSC,VNW,KKD,2017-08-30,Tournois/STLOU_13_res.html
Saint Louis ASL Tournament,July,2014,2014-07-24,STLOU_14,St-Louis (MO),USA,US/Ca,17th edition,TEG,VNW,DHR,2017-08-30,Tournois/STLOU_14_res.html
Saint Louis ASL Tournament,July,2015,2015-07-24,STLOU_15,St-Louis (MO),USA,US/Ca,18th edition,WSP,DHR,ILJ,2017-08-30,Tournois/STLOU_15_res.html
Saint Louis ASL Tournament,July,2016,2016-07-29,STLOU_16,St-Louis (MO),USA,US/Ca,19th edition,,,,2017-08-30,Tournois/STLOU_16_res.html
Saint Louis ASL Tournament,July,2017,2017-07-28,STLOU_17,St-Louis (MO),USA,US/Ca,20th edition,DHR,PGT,,2017-08-30,Tournois/STLOU_17_res.html
Supporting Fire,September,2012,2012-09-07,SUPPF_12,Boras,Sweden,EU,1th edition,HHM,,,2017-08-30,Tournois/SUPPF_12_res.html
Supporting Fire,November,2013,2013-11-15,SUPPF_13,Boras,Sweden,EU,2th edition,,,,2017-08-30,Tournois/SUPPF_13_res.html
Supporting Fire,November,2014,2014-10-17,SUPPF_14,Boras,Sweden,EU,3th edition,FKM,,,2017-08-30,Tournois/SUPPF_14_res.html
Supporting Fire,November,2015,2015-11-20,SUPPF_15,Boras,Sweden,EU,4th edition,KNM,,,2017-08-30,Tournois/SUPPF_15_res.html
Supporting Fire,November,2016,2016-11-18,SUPPF_16,Boras,Sweden,EU,5th edition,,,,2017-08-30,Tournois/SUPPF_16_res.html
TEXAS TEAM TOURNAMENT,June,2008,2008-06-19,TEXAS_08,"Austin, TX",USA,US/Ca,16th edition,FLJ,SZR,SKM,2017-08-30,Tournois/TEXAS_08_res.html
TEXAS TEAM TOURNAMENT,June,2009,2009-06-26,TEXAS_09,"Austin, TX",USA,US/Ca,17th edition,SNK,FLJ,,2017-08-30,Tournois/TEXAS_09_res.html
TEXAS TEAM TOURNAMENT,June,2010,2010-06-24,TEXAS_10,"Austin, TX",USA,US/Ca,18th edition,FLJ,FYG,,2017-08-30,Tournois/TEXAS_10_res.html
TEXAS TEAM TOURNAMENT,June,2011,2011-06-26,TEXAS_11,"Austin, TX",USA,US/Ca,19th edition,FYG,CDP,,2017-08-30,Tournois/TEXAS_11_res.html
TEXAS TEAM TOURNAMENT,June,2012,2012-06-21,TEXAS_12,"Austin, TX",USA,US/Ca,20th edition,FYG,SKM,,2017-08-30,Tournois/TEXAS_12_res.html
TEXAS TEAM TOURNAMENT,June,2013,2013-06-21,TEXAS_13,"Austin, TX",USA,US/Ca,21th edition,TAG,SKM,,2017-08-30,Tournois/TEXAS_13_res.html
TEXAS TEAM TOURNAMENT,June,2014,2014-06-19,TEXAS_14,"Austin, TX",USA,US/Ca,22th edition,HS1,SKM,,2017-08-30,Tournois/TEXAS_14_res.html
TEXAS TEAM TOURNAMENT,June,2015,2015-06-25,TEXAS_15,"Austin, TX",USA,US/Ca,23th edition,,,,2017-08-30,Tournois/TEXAS_15_res.html
TEXAS TEAM TOURNAMENT,June,2016,2016-06-24,TEXAS_16,"Austin, TX",USA,US/Ca,24th edition,,,,2017-08-30,Tournois/TEXAS_16_res.html
TEXAS TEAM TOURNAMENT,June,2017,2017-06-25,TEXAS_17,"Austin, TX",USA,US/Ca,25th edition,,,,2017-08-30,Tournois/TEXAS_17_res.html
VASL Top League,January-December,2007,,TOP_07,Internet,Web,VASL,1th edition,PIA,COE,HEO,2017-08-30,Tournois/TOP_07_res.html
VASL Top League,January-December,2008,,TOP_08,Internet,Web,VASL,2th edition,TRA,COE,CE3,2017-08-30,Tournois/TOP_08_res.html
VASL Top League,January-December,2009,,TOP_09,Internet,Web,VASL,3th edition,TRA,TAG,RIT,2017-08-30,Tournois/TOP_09_res.html
VASL Top League,January-December,2010,,TOP_10,Internet,Web,VASL,4th edition,FYG,PIA,WAB,2017-08-30,Tournois/TOP_10_res.html
VASL Top League,January-December,2011,2011-03-01,TOP_11,Internet,Web,VASL,5th edition,FYG,COE,MEJ,2017-08-30,Tournois/TOP_11_res.html
VASL Top League,January-November,2012,2012-02-29,TOP_12,Internet,Web,VASL,6th edition,MEJ,FYG,DHR,2017-08-30,Tournois/TOP_12_res.html
TRENCH,July,2004,2004-07-01,TREN_04,,Belgique,EU,0th edition,,,,2017-08-30,Tournois/TREN_04_res.html
Tournoi Sud Mediterrannee,April,2001,2001-04-14,TSM_01,Nimes,France,EU,1th edition,CNL,MISSING-22,BXP,2017-08-30,Tournois/TSM_01_res.html
Tournoi Sud Mediterrannee,March-April,2002,2002-03-30,TSM_02,Nimes,France,EU,2th edition,BXP,CNL,MOI,2017-08-30,Tournois/TSM_02_res.html
Tournoi Sud Mediterrannee,April,2003,2003-04-12,TSM_03,Nimes,France,EU,3th edition,SZL,MOI,GDC,2017-08-30,Tournois/TSM_03_res.html
Tournoi Sud Mediterrannee,April,2004,2004-04-10,TSM_04,Nimes,France,EU,4th edition,BXP,GDC,BNF,2017-08-30,Tournois/TSM_04_res.html
Tournoi Sud Mediterrannee,March,2005,2005-03-26,TSM_05,Nimes,France,EU,5th edition,BNF,GDC,BXP,2017-08-30,Tournois/TSM_05_res.html
Tournoi Sud Mediterrannee,April,2006,2006-04-15,TSM_06,Nimes,France,EU,6th edition,GDC,TEG,MOI,2017-08-30,Tournois/TSM_06_res.html
Tournoi Sud Mediterrannee,April,2007,2007-04-16,TSM_07,Nimes,France,EU,7th edition,SFP,GDC,BXP,2017-08-30,Tournois/TSM_07_res.html
Tussle in the Tundra,July,2012,2012-07-20,TUSSL_12,Manchester (NH),USA,US/Ca,0th edition,CDP,,,2017-08-30,Tournois/TUSSL_12_res.html
Tussle in the Tundra,July,2013,2013-07-26,TUSSL_13,Manchester (NH),USA,US/Ca,0th edition,CDP,,,2017-08-30,Tournois/TUSSL_13_res.html
Tussle in the Tundra,July,2014,2014-07-25,TUSSL_14,Manchester (NH),USA,US/Ca,0th edition,WAB,L33,,2017-08-30,Tournois/TUSSL_14_res.html
Tussle in the Tundra,July,2015,2015-07-24,TUSSL_15,Manchester (NH),USA,US/Ca,0th edition,AAR,,,2017-08-30,Tournois/TUSSL_15_res.html
Tussle in the Tundra,July,2016,,TUSSL_16,Manchester (NH),USA,US/Ca,0th edition,AAR,,,2017-08-30,Tournois/TUSSL_16_res.html
West Coast Melee,February,2000,2000-08-19,WCM_00,"Irvine, CA",USA,US/Ca,0th edition,,,,2017-08-30,Tournois/WCM_00_res.html
West Coast Melee,February,2001,2001-02-04,WCM_01,"Irvine, CA",USA,US/Ca,0th edition,,,,2017-08-30,Tournois/WCM_01_res.html
West Coast Melee,February,2002,2002-02-01,WCM_02,"Irvine, CA",USA,US/Ca,0th edition,,,,2017-08-30,Tournois/WCM_02_res.html
West Coast Melee,February,2003,2003-01-31,WCM_03,"Irvine, CA",USA,US/Ca,0th edition,,,,2017-08-30,Tournois/WCM_03_res.html
West Coast Melee,February,2004,2004-02-06,WCM_04,"Irvine, CA",USA,US/Ca,0th edition,,,,2017-08-30,Tournois/WCM_04_res.html
West Coast Melee,February,2005,2005-02-06,WCM_05,"Irvine, CA",USA,US/Ca,0th edition,,,,2017-08-30,Tournois/WCM_05_res.html
West Coast Melee,February,2006,2006-02-26,WCM_06,"Irvine, CA",USA,US/Ca,0th edition,,,,2017-08-30,Tournois/WCM_06_res.html
West Coast Melee,February,2007,2007-02-23,WCM_07,"Irvine, CA",USA,US/Ca,0th edition,,,,2017-08-30,Tournois/WCM_07_res.html
West Coast Melee,February,2008,2008-02-22,WCM_08,"Irvine, CA",USA,US/Ca,0th edition,,,,2017-08-30,Tournois/WCM_08_res.html
West Coast Rumble,November,2008,2008-11-09,WCR_08,Vancouver,Canada,US/Ca,2th edition,KSD,K2G,EEM,2017-08-30,Tournois/WCR_08_res.html
West Coast Rumble,November,2009,2009-11-08,WCR_09,Vancouver,Canada,US/Ca,3th edition,KSD,HHD,WER,2017-08-30,Tournois/WCR_09_res.html
West Coast Rumble,November,2010,2010-11-14,WCR_10,Vancouver,Canada,US/Ca,4th edition,KSD,JSI,K2G,2017-08-30,Tournois/WCR_10_res.html
West Coast Rumble,November,2011,2011-11-06,WCR_11,Vancouver,Canada,US/Ca,5th edition,KSD,FOR,WER,2017-08-30,Tournois/WCR_11_res.html
West Coast Rumble,November,2012,2012-11-04,WCR_12,Vancouver,Canada,US/Ca,6th edition,KSD,HHD,141,2017-08-30,Tournois/WCR_12_res.html
West Coast Rumble,November,2013,2013-11-10,WCR_13,Vancouver,Canada,US/Ca,7th edition,WER,KSD,GYT,2017-08-30,Tournois/WCR_13_res.html
West Coast Rumble,November,2014,2014-11-07,WCR_14,Vancouver,Canada,US/Ca,8th edition,WER,JSI,KSD,2017-08-30,Tournois/WCR_14_res.html
West Coast Rumble,November,2015,2015-11-06,WCR_15,Vancouver,Canada,US/Ca,9th edition,KSD,WER,RS2,2017-08-30,Tournois/WCR_15_res.html
West Coast Rumble,November,2016,2016-11-04,WCR_16,Vancouver,Canada,US/Ca,10th edition,,,,2017-08-30,Tournois/WCR_16_res.html
WeASL,August-November,2008,2008-08-28,WEASL_08,Internet,Web,VASL,0th edition,HNI,MISSING-6,,2017-08-30,Tournois/WEASL_08_res.html
West Wall,May,2001,2001-05-01,WEST_01,Allemange,Germany,EU,0th edition,BXP,VYX,MISSING-8,2017-08-30,Tournois/WEST_01_res.html
Winter Offensive (only some games),January,2005,2005-01-01,WOFF_05,Maryland,USA,US/Ca,0th edition,,,,2017-08-30,Tournois/WOFF_05_res.html
Winter Offensive (only some games),January,2006,2006-01-01,WOFF_06,Maryland,USA,US/Ca,0th edition,,,,2017-08-30,Tournois/WOFF_06_res.html
Winter Offensive (only some games),January,2008,2008-01-01,WOFF_08,Maryland,USA,US/Ca,0th edition,,,,2017-08-30,Tournois/WOFF_08_res.html
Winter Offensive (only some games),January,2010,,WOFF_10,Maryland,USA,US/Ca,0th edition,,,,2017-08-30,Tournois/WOFF_10_res.html
Winter Offensive (only some games),January,2011,,WOFF_11,Maryland,USA,US/Ca,0th edition,,,,2017-08-30,Tournois/WOFF_11_res.html
Winter Offensive (only some games),January,2012,,WOFF_12,Maryland,USA,US/Ca,0th edition,,,,2017-08-30,Tournois/WOFF_12_res.html
Winter Offensive (only some games),January,2013,,WOFF_13,Maryland,USA,US/Ca,0th edition,,,,2017-08-30,Tournois/WOFF_13_res.html
Winter Offensive (only some games),January,2014,2014-01-18,WOFF_14,Maryland,USA,US/Ca,0th edition,,,,2017-08-30,Tournois/WOFF_14_res.html
Winter War,January,2013,2013-01-25,WWAR_13,"Champaign, IL",USA,US/Ca,0th edition,TRA,WSC,CHT,2017-08-30,Tournois/WWAR_13_res.html
Winter War,January,2014,2014-01-25,WWAR_14,"Champaign, IL",USA,US/Ca,0th edition,RSS,GNI,TRA,2017-08-30,Tournois/WWAR_14_res.html
Winter War,February,2015,2015-02-07,WWAR_15,"Champaign, IL",USA,US/Ca,0th edition,KKD,VNW,DGJ,2017-08-30,Tournois/WWAR_15_res.html
