Double One,May,2006,2ONE_06,London,UK,EU,1th edition,BET,WTA,DEP,Tournois/2ONE_06_res.html
Double One,May,2007,2ONE_07,London,UK,EU,2th edition,MHD,PRS,JSR,Tournois/2ONE_07_res.html
Double One,June,2008,2ONE_08,London,UK,EU,3th edition,MHD,JKN,PDI,Tournois/2ONE_08_res.html
Double One,June,2010,2ONE_10,London,UK,EU,4th edition,,,,Tournois/2ONE_10_res.html
Double One,June,2011,2ONE_11,London,UK,EU,5th edition,,,,Tournois/2ONE_11_res.html
Double One,June,2012,2ONE_12,London,UK,EU,6th edition,,,,Tournois/2ONE_12_res.html
Double One,June,2013,2ONE_13,London,UK,EU,7th edition,PRS,RYD,JPG,Tournois/2ONE_13_res.html
Double One,June,2014,2ONE_14,London,UK,EU,8th edition,,,,Tournois/2ONE_14_res.html
Double One,June,2015,2ONE_15,London,UK,EU,9th edition,,,,Tournois/2ONE_15_res.html
Double One,June,2016,2ONE_16,London,UK,EU,10th edition,,,,Tournois/2ONE_16_res.html
Alpen Festung,April,2011,ALPEN_11,Amden,Switzerland,EU,0th edition,SAH,,,Tournois/ALPEN_11_res.html
Alpen Festung,April-August,2012,ALPEN_12,Amden,Switzerland,EU,0th edition,,,,Tournois/ALPEN_12_res.html
Alpen Festung,April-August,2013,ALPEN_13,Amden,Switzerland,EU,0th edition,,,,Tournois/ALPEN_13_res.html
Alpen Festung,April-August,2014,ALPEN_14,Amden,Switzerland,EU,0th edition,,,,Tournois/ALPEN_14_res.html
Alpen Festung,August,2015,ALPEN_15,Amden,Switzerland,EU,0th edition,,,,Tournois/ALPEN_15_res.html
Alpen Festung,July,2016,ALPEN_16,Amden,Switzerland,EU,0th edition,HLE,,,Tournois/ALPEN_16_res.html
A bridge too far,October,2003,ARNH_03,Arnhem,Neetherlands,EU,2th edition,VYX,,,Tournois/ARNH_03_res.html
A bridge too far,October,2004,ARNH_04,Arnhem,Neetherlands,EU,3th edition,FKM,DRA,RGC,Tournois/ARNH_04_res.html
A bridge too far,September,2005,ARNH_05,Arnhem,Neetherlands,EU,4th edition,BNF,RMM,TLJ,Tournois/ARNH_05_res.html
A bridge too far,September,2006,ARNH_06,Arnhem,Neetherlands,EU,5th edition,FKM,RMM,RSJ,Tournois/ARNH_06_res.html
A bridge too far,September,2007,ARNH_07,Arnhem,Neetherlands,EU,6th edition,PGT,SSB,MMK,Tournois/ARNH_07_res.html
A bridge too far,September,2008,ARNH_08,Arnhem,Neetherlands,EU,7th edition,MMK,SSB,MAR,Tournois/ARNH_08_res.html
A bridge too far,September,2009,ARNH_09,Arnhem,Neetherlands,EU,8th edition,PGT,HHM,SUP,Tournois/ARNH_09_res.html
A bridge too far,September,2010,ARNH_10,Arnhem,Neetherlands,EU,9th edition,,,,Tournois/ARNH_10_res.html
A bridge too far,September,2011,ARNH_11,Arnhem,Neetherlands,EU,10th edition,SFP,SSB,MIC,Tournois/ARNH_11_res.html
A bridge too far,September,2012,ARNH_12,Arnhem,Neetherlands,EU,11th edition,SSB,SFP,DRA,Tournois/ARNH_12_res.html
Pacifi ASL,July,2016,ASIA_16,Manila,Philippines,other,0th edition,,,,Tournois/ASIA_16_res.html
Pacifi ASL,July,2017,ASIA_17,Angkhor,Cambodia,other,0th edition,,,,Tournois/ASIA_17_res.html
ASL Oktoberfest,October,2001,ASLOK_01,"Cleveland,OHIO",USA,US/Ca,16th edition,PAS,TRA,DES,Tournois/ASLOK_01_res.html
ASL Oktoberfest,October,2002,ASLOK_02,"Cleveland,OHIO",USA,US/Ca,17th edition,CSC,PAS,BSB,Tournois/ASLOK_02_res.html
ASL Oktoberfest,October,2003,ASLOK_03,"Cleveland,OHIO",USA,US/Ca,18th edition,CNN,TGL,PAS,Tournois/ASLOK_03_res.html
ASL Oktoberfest,October,2004,ASLOK_04,"Cleveland,OHIO",USA,US/Ca,19th edition,PAS,VNW,SLC,Tournois/ASLOK_04_res.html
ASL Oktoberfest,October,2005,ASLOK_05,"Cleveland,OHIO",USA,US/Ca,20th edition,TYJ,HHM,LYD,Tournois/ASLOK_05_res.html
ASL Oktoberfest,October,2006,ASLOK_06,"Cleveland,OHIO",USA,US/Ca,21th edition,BSB,PAS,VNW,Tournois/ASLOK_06_res.html
ASL Oktoberfest,October,2007,ASLOK_07,"Cleveland,OHIO",USA,US/Ca,22th edition,PAS,MDO,TYJ,Tournois/ASLOK_07_res.html
ASL Oktoberfest,October,2008,ASLOK_08,"Cleveland,OHIO",USA,US/Ca,23th edition,PAS,COW,SN3,Tournois/ASLOK_08_res.html
ASL Oktoberfest,October,2009,ASLOK_09,"Cleveland,OHIO",USA,US/Ca,24th edition,PAS,,,Tournois/ASLOK_09_res.html
ASL Oktoberfest,October,2010,ASLOK_10,"Cleveland,OHIO",USA,US/Ca,25th edition,BSB,PAS,,Tournois/ASLOK_10_res.html
ASL Oktoberfest,October,2011,ASLOK_11,"Cleveland,OHIO",USA,US/Ca,26th edition,FYG,,,Tournois/ASLOK_11_res.html
ASL Oktoberfest,October,2015,ASLOK_15,"Cleveland,OHIO",USA,US/Ca,30th edition,PAS,,,Tournois/ASLOK_15_res.html
Scandinavian Open,February,2015,ASO_15,Copenhague,Denmark,EU,18th edition,PGT,SUP,FKM,Tournois/ASO_15_res.html
Scandinavian Open,February,2016,ASO_16,Copenhague,Denmark,EU,19th edition,FKM,TEG,RMM,Tournois/ASO_16_res.html
Scandinavian Open,February,2017,ASO_17,Copenhague,Denmark,EU,20th edition,,,,Tournois/ASO_17_res.html
Spreading Blaze,August,2016,ATLAN_16,"Duluth, NE",USA,hidden,0th edition,,,,Tournois/ATLAN_16_res.html
Bitter End,April,2012,B-END_12,NC,USA,US/Ca,0th edition,FYG,SN3,SND,Tournois/B-END_12_res.html
Bitter End,April,2013,B-END_13,NC,USA,US/Ca,0th edition,TEG,SLW,SN3,Tournois/B-END_13_res.html
Bitter End,May-June,2014,B-END_14,NC,USA,US/Ca,0th edition,SUP,FYG,HAM,Tournois/B-END_14_res.html
Bitter End,May,2015,B-END_15,NC,USA,US/Ca,0th edition,,,,Tournois/B-END_15_res.html
Bitter End,April-May,2016,B-END_16,NC,USA,US/Ca,0th edition,,,,Tournois/B-END_16_res.html
Bitter End,April,2017,B-END_17,NC,USA,US/Ca,0th edition,,,,Tournois/B-END_17_res.html
ASL Fanatic,October,2003,BARC_03,Barcelona,Spain,EU,5th edition,BNF,BIM,RSD,Tournois/BARC_03_res.html
ASL Fanatic,November-December,2004,BARC_04,Barcelona,Spain,EU,6th edition,,,,Tournois/BARC_04_res.html
ASL Fanatic,November,2006,BARC_06,Barcelona,Spain,EU,8th edition,,,,Tournois/BARC_06_res.html
ASL Fanatic,November,2007,BARC_07,Barcelona,Spain,EU,9th edition,SZL,MOI,GNA,Tournois/BARC_07_res.html
ASL Fanatic,November,2008,BARC_08,Barcelona,Spain,EU,10th edition,,,,Tournois/BARC_08_res.html
ASL Fanatic,November,2009,BARC_09,Barcelona,Spain,EU,11th edition,,,,Tournois/BARC_09_res.html
ASL Fanatic,November,2010,BARC_10,Barcelona,Spain,EU,12th edition,,,,Tournois/BARC_10_res.html
ASL Fanatic,November,2011,BARC_11,Cocheras de Sants (B,Spain,EU,13th edition,LZ3,,,Tournois/BARC_11_res.html
ASL Fanatic,November,2012,BARC_12,Cocheras de Sants(Ba,Spain,EU,14th edition,C8M,,,Tournois/BARC_12_res.html
ASL Fanatic,November,2013,BARC_13,Cocheras de Sants(Ba,Spain,EU,15th edition,C8M,FNJ,LZS,Tournois/BARC_13_res.html
ASL Fanatic,October,2014,BARC_14,Cocheras de Sants(Ba,Spain,EU,16th edition,,,,Tournois/BARC_14_res.html
ASL Fanatic,October,2015,BARC_15,Cocheras de Sants(Ba,Spain,EU,17th edition,ROF,,FNJ,Tournois/BARC_15_res.html
ASL Fanatic,October,2016,BARC_16,Cocheras de Sants(Ba,Spain,EU,18th edition,,,,Tournois/BARC_16_res.html
Canberra Con,January-February,2015,CANCO_15,Canberra,Australia,other,0th edition,,,,Tournois/CANCO_15_res.html
Canberra Con,January,2016,CANCO_16,Canberra,Australia,other,0th edition,,,,Tournois/CANCO_16_res.html
Canberra Con,January,2017,CANCO_17,Canberra,Australia,other,0th edition,,,,Tournois/CANCO_17_res.html
Canadian ASL Open,September,2007,CASLO_07,"Winnipeg, Manitoba",Canada,US/Ca,11th edition,BDW,KSD,RS2,Tournois/CASLO_07_res.html
Canadian ASL Open,September,2008,CASLO_08,"Winnipeg, Manitoba",Canada,US/Ca,12th edition,WNR,MDO,EEA,Tournois/CASLO_08_res.html
Canadian ASL Open,September,2009,CASLO_09,"Winnipeg, Manitoba",Canada,US/Ca,13th edition,,RS2,BDW,Tournois/CASLO_09_res.html
Canadian ASL Open,September,2010,CASLO_10,"Ottawa, Ontario",Canada,US/Ca,14th edition,TAG,YGK,EEA,Tournois/CASLO_10_res.html
Canadian ASL Open,Seeptember,2011,CASLO_11,"Ottawa, Ontario",Canada,US/Ca,15th edition,EEA,YGK,ES2,Tournois/CASLO_11_res.html
Canadian ASL Open,May,2012,CASLO_12,"Winnipeg, Manitoba",Canada,US/Ca,16th edition,KSD,141,LTR,Tournois/CASLO_12_res.html
Canadian ASL Open,May,2013,CASLO_13,"Winnipeg, Manitoba",Canada,US/Ca,17th edition,WN3,WAB,CDP,Tournois/CASLO_13_res.html
Canadian ASL Open,May,2014,CASLO_14,"Calgary, Alberta",Canada,US/Ca,17th edition,RS2,WER,CDP,Tournois/CASLO_14_res.html
Canadian ASL Open,May,2015,CASLO_15,"Winnipeg, Manitoba",Canada,US/Ca,19th edition,EEA,MSM,KSD,Tournois/CASLO_15_res.html
Canadian ASL Open,May,2016,CASLO_16,"Montreal, QuÃ¯Â¿Â½ÃƒÂƒÃ¯Â¿Â½",Canada,US/Ca,20th edition,WAB,SUP,BXP,Tournois/CASLO_16_res.html
Canadian ASL Open,May,2017,CASLO_17,"Montreal, Quebec",Canada,US/Ca,21th edition,,,,Tournois/CASLO_17_res.html
Torneo Espanol VASL,May-December,2011,CONSC_11,Internet,Web,VASL,1th edition,PES,,,Tournois/CONSC_11_res.html
Torneo Espanol VASL,July-December,2012,CONSC_12,Internet,Web,VASL,2th edition,NOB,,,Tournois/CONSC_12_res.html
Torneo Espanol VASL,February-December,2013,CONSC_13,Internet,Web,VASL,3th edition,NOB,LZS,PA1,Tournois/CONSC_13_res.html
Torneo Espanol VASL,April-December,2014,CONSC_14,Internet,Web,VASL,4th edition,GAC,,,Tournois/CONSC_14_res.html
Cyber VASL S2,April-December,2014,CYBER_14,Internet,Web,VASL,1th edition,C2L,,,Tournois/CYBER_14_res.html
Cyber VASL,January-December,2015,CYBER_15,Internet,Web,VASL,2th edition,C2L,TEL,,Tournois/CYBER_15_res.html
Cyber VASL,June/2015:August/2016,2016,CYBER_II,Internet,Web,VASL,3th edition,C2L,WAB,,Tournois/CYBER_II_res.html
Cyber VASL,June/2015:August/2016,2016,CYBER_III,Internet,Web,VASL,3th edition,C2L,WAB,,Tournois/CYBERIII_res.html
Cyber VASL,January/2016:March/2017,2017,CYBER_IV,Internet,Web,VASL,4th edition,WAB,C2L,,Tournois/CYBER_IV_res.html
Cyber VASL,July/2016:April/2017,2017,CYBER_V,Internet,Web,VASL,5th edition,PAP,G1D,,Tournois/CYBER_V_res.html
Death Wish,January-November,2015,DWISH_15,Internet,Web,VASL,1th edition,CNN,,,Tournois/DWISH_15_res.html
Death Wish,November,2016,DWISH_16,Internet,Web,VASL,2th edition,,,,Tournois/DWISH_16_res.html
EDA Tournament,June,2002,EDA_02,Uppsala,Sweden,EU,0th edition,,,,Tournois/EDA_02_res.html
Enfilade!,May,2010,ENFIL_10,"Seattle, WA",USA,US/Ca,0th edition,,,,Tournois/ENFIL_10_res.html
Enfilade!,May,2011,ENFIL_11,"Seattle, WA",USA,US/Ca,0th edition,JSI,B3S,,Tournois/ENFIL_11_res.html
Enfilade!,May,2012,ENFIL_12,"Seattle, WA",USA,US/Ca,0th edition,SRL,,,Tournois/ENFIL_12_res.html
Friendly Fire,August,2014,FFIRE_14,LinkÃ¶ping,Sweden,EU,11th edition,FKM,,,Tournois/FFIRE_14_res.html
Tournoi du forum franÃ§ais,September/2006:July/2007,2007,FORUM_06,Internet,Web,VASL,1th edition,VYX,,,Tournois/FORUM_06_res.html
Tournoi du forum franÃ§ais,October/2007:April/2008,2008,FORUM_08,Internet,Web,VASL,2th edition,BCJ,BNF,SS8,Tournois/FORUM_08_res.html
Tournoi du forum franÃ§ais,October/2008:June/2009,2009,FORUM_09,Internet,Web,VASL,3th edition,SS8,BCJ,,Tournois/FORUM_09_res.html
Tournoi du forum franÃ§ais,October/2009:June/2010,2010,FORUM_10,Internet,Web,VASL,4th edition,FEG,B3P,LNL,Tournois/FORUM_10_res.html
Tournoi du forum franÃ§ais,February-December,2011,FORUM_11,Internet,Web,VASL,5th edition,C2L,,,Tournois/FORUM_11_res.html
Tournoi du forum franÃ§ais,February-December,2012,FORUM_12,Internet,Web,VASL,5th edition,VYX,,,Tournois/FORUM_12_res.html
Tournoi du forum franÃ§ais,November/2012:November/2013,2013,FORUM_13,Internet,Web,VASL,6th edition,RRP,NOB,C2L,Tournois/FORUM_13_res.html
Tournoi du forum franÃ§ais,November/2013:September/2014,2014,FORUM_14,Internet,Web,VASL,7th edition,LNL,C2L,PTA,Tournois/FORUM_14_res.html
Gatteo Mare,April,2008,GATT_08,Gatteo Mare,Italy,EU,1th edition,IAS,PIC,MAG,Tournois/GATT_08_res.html
Gatteo Mare,May,2009,GATT_09,Gatteo Mare,Italy,EU,2th edition,BYA,IAS,PIN,Tournois/GATT_09_res.html
Ginger Drinkers' Revenge,September,2014,GINGR_14,Hong-Kong,China,hidden,1th edition,,,,Tournois/GINGR_14_res.html
Grenadier,November,2001,GREN_01,Hergarten,Germany,EU,3th edition,HLS,,,Tournois/GREN_01_res.html
Grenadier,November,2002,GREN_02,Hergarten,Germany,EU,4th edition,PGT,,,Tournois/GREN_02_res.html
Grenadier,November,2003,GREN_03,Hergarten,Germany,EU,5th edition,,,,Tournois/GREN_03_res.html
Grenadier,November,2004,GREN_04,Oberbettingen,Germany,EU,6th edition,MISSING-8,,,Tournois/GREN_04_res.html
Grenadier,November,2005,GREN_05,Oberbettingen,Germany,EU,7th edition,MIC,,,Tournois/GREN_05_res.html
Grenadier,November,2006,GREN_06,Oberbettingen,Germany,EU,8th edition,RRP,,,Tournois/GREN_06_res.html
Grenadier,November,2007,GREN_07,Oberbettingen,Germany,EU,9th edition,BXP,,,Tournois/GREN_07_res.html
Grenadier,November,2008,GREN_08,Hergarten,Germany,EU,10th edition,SFP,BNF,GNR,Tournois/GREN_08_res.html
Grenadier,November,2009,GREN_09,Hergarten,Germany,EU,11th edition,TEG,WNR,HEC,Tournois/GREN_09_res.html
Grenadier,November,2010,GREN_10,Hergarten,Germany,EU,12th edition,NOB,MNG,SFP,Tournois/GREN_10_res.html
Grenadier,November,2011,GREN_11,Hergarten,Germany,EU,13th edition,PEC,BXP,KIT,Tournois/GREN_11_res.html
Grenadier,November,2012,GREN_12,Hergarten,Germany,EU,14th edition,HLS,KTA,MISSING-8,Tournois/GREN_12_res.html
Grenadier,November,2013,GREN_13,Hergarten,Germany,EU,15th edition,TEG,DHR,BNF,Tournois/GREN_13_res.html
Grenadier,November,2014,GREN_14,Hergarten,Germany,EU,16th edition,TID,HLS,,Tournois/GREN_14_res.html
Grenadier,November,2015,GREN_15,Hergarten,Germany,EU,17th edition,TEG,,,Tournois/GREN_15_res.html
Grenadier,November,2016,GREN_16,Hergarten,Germany,EU,18th edition,,,,Tournois/GREN_16_res.html
Hero Tournament,March,2005,HERO_05,Blackpool,UK,EU,2th edition,PGT,,,Tournois/HERO_05_res.html
Hero Tournament,March,2006,HERO_06,Blackpool,UK,EU,3th edition,PGT,,,Tournois/HERO_06_res.html
Hero Tournament,April,2007,HERO_07,Blackpool,UK,EU,4th edition,TRD,,,Tournois/HERO_07_res.html
Hero Tournament,March,2008,HERO_08,Blackpool,UK,EU,5th edition,BET,,,Tournois/HERO_08_res.html
Hero Tournament,March,2009,HERO_09,Blackpool,UK,EU,6th edition,MHD,,,Tournois/HERO_09_res.html
Hero Tournament,March,2010,HERO_10,Blackpool,UK,EU,7th edition,DRP,,,Tournois/HERO_10_res.html
Hero Tournament,March,2011,HERO_11,Blackpool,UK,EU,8th edition,TEG,,,Tournois/HERO_11_res.html
Hero Tournament,March,2012,HERO_12,Blackpool,UK,EU,9th edition,BNC,BER,,Tournois/HERO_12_res.html
Hero Tournament,March,2013,HERO_13,Blackpool,UK,EU,10th edition,,,,Tournois/HERO_13_res.html
Hero Tournament,March,2014,HERO_14,Blackpool,UK,EU,11th edition,,,,Tournois/HERO_14_res.html
Hero Tournament,March,2015,HERO_15,Blackpool,UK,EU,12th edition,,,,Tournois/HERO_15_res.html
Hero Tournament,March,2016,HERO_16,Blackpool,UK,EU,13th edition,,,,Tournois/HERO_16_res.html
Hero Tournament,March,2017,HERO_17,Blackpool,UK,EU,14th edition,,,,Tournois/HERO_17_res.html
Intensive Fire,October,2007,IF_07,Bournemouth,UK,EU,12th edition,DRP,,,Tournois/IF_07_res.html
Intensive Fire,October,2008,IF_08,Bournemouth,UK,EU,13th edition,MHD,,,Tournois/IF_08_res.html
Intensive Fire,October,2009,IF_09,Bournemouth,UK,EU,15th edition,BER,,,Tournois/IF_09_res.html
Intensive Fire,October,2010,IF_10,Bournemouth,UK,EU,16th edition,SDD,,,Tournois/IF_10_res.html
Intensive Fire,October,2011,IF_11,Bournemouth,UK,EU,17th edition,MST,,,Tournois/IF_11_res.html
Intensive Fire,October,2012,IF_12,Bournemouth,UK,EU,18th edition,BNC,BNG,GGE,Tournois/IF_12_res.html
Intensive Fire,November,2014,IF_14,Bournemouth,UK,EU,20th edition,,,,Tournois/IF_14_res.html
Intensive Fire,November,2015,IF_15,Bournemouth,UK,EU,21th edition,,,,Tournois/IF_15_res.html
Intensive Fire,November,2016,IF_16,Bournemouth,UK,EU,22th edition,,,,Tournois/IF_16_res.html
ASL ITALIA,September,2006,ITAL_06,Verona,Italia,EU,1th edition,TEG,PIA,MIC,Tournois/ITAL_06_res.html
ASL ITALIA,September,2007,ITAL_07,Verona,Italia,EU,2th edition,SEA,DAU,IAS,Tournois/ITAL_07_res.html
ASL ITALIA,September,2008,ITAL_08,Verona,Italia,EU,3th edition,DAU,DHR,ASM,Tournois/ITAL_08_res.html
ASL ITALIA,September,2009,ITAL_09,Verona,Italia,EU,4th edition,DAU,PIA,GOM,Tournois/ITAL_09_res.html
ASL ITALIA,September,2010,ITAL_10,Verona,Italia,EU,5th edition,GOM,DHR,SS8,Tournois/ITAL_10_res.html
ASL ITALIA,June,2011,ITAL_11,Carimate,Italia,EU,6th edition,DAU,OIA,COE,Tournois/ITAL_11_res.html
ASL ITALIA,June,2012,ITAL_12,Carimate,Italia,EU,7th edition,TEG,SS8,GOM,Tournois/ITAL_12_res.html
ASL ITALIA,June,2013,ITAL_13,Carimate,Italia,EU,8th edition,COE,WAB,DAU,Tournois/ITAL_13_res.html
ASL ITALIA,June,2014,ITAL_14,Carimate,Italia,EU,9th edition,GOM,BXP,7SA,Tournois/ITAL_14_res.html
ASL ITALIA,May,2015,ITAL_15,San Marino,Italia,EU,10th edition,COA,,,Tournois/ITAL_15_res.html
Juno Bear,June,2010,JUNO_10,Sydney,Australia,other,0th edition,MTM,SEP,WED,Tournois/JUNO_10_res.html
Juno Bear,June,2014,JUNO_14,Sydney,Australia,other,0th edition,,,,Tournois/JUNO_14_res.html
Juno Bear,June,2015,JUNO_15,Sydney,Australia,other,0th edition,,,,Tournois/JUNO_15_res.html
Juno Bear,June,2016,JUNO_16,Sydney,Australia,other,0th edition,,,,Tournois/JUNO_16_res.html
Juno Bear,June,2017,JUNO_17,Sydney,Australia,other,0th edition,,,,Tournois/JUNO_17_res.html
VASL Top League,January-November,2013,LEAG0_13,Internet,Web,VASL,7th edition,,,,Tournois/LEAG0_13_res.html
VASL Top League,January-November,2014,LEAG0_14,Internet,Web,VASL,8th edition,,,,Tournois/LEAG0_14_res.html
VASL Top League,January-December,2015,LEAG0_15,Internet,Web,VASL,9th edition,NAC,FYG,LRP,Tournois/LEAG0_15_res.html
VASL Top League,January-December,2016,LEAG0_16,Internet,Web,VASL,10th edition,FYG,,,Tournois/LEAG0_16_res.html
VASL European and Oceanian League,January-November,2013,LEAG1_13,Internet,Web,VASL,0th edition,,,,Tournois/LEAG1_13_res.html
VASL European and Oceanian League,January-November,2014,LEAG1_14,Internet,Web,VASL,0th edition,,,,Tournois/LEAG1_14_res.html
VASL European and Oceanian League,January-December,2015,LEAG1_15,Internet,Web,VASL,9th edition,LNL,FGW,TEL,Tournois/LEAG1_15_res.html
VASL European and Oceanian League,January-December,2016,LEAG1_16,Internet,Web,VASL,10th edition,MIC,,,Tournois/LEAG1_16_res.html
VASL Eastern US and Canada League,January-November,2013,LEAG2_13,Internet,Web,VASL,0th edition,,,,Tournois/LEAG2_13_res.html
VASL Eastern US and Canada League,January-November,2014,LEAG2_14,Internet,Web,VASL,0th edition,,,,Tournois/LEAG2_14_res.html
VASL Eastern US and Canada League,January-December,2015,LEAG2_15,Internet,Web,VASL,9th edition,YGK,HTS,WAB,Tournois/LEAG2_15_res.html
VASL Eastern US and Canada League,January-December,2016,LEAG2_16,Internet,Web,VASL,10th edition,,,,Tournois/LEAG2_16_res.html
VASL Western US League,January-December,2013,LEAG3_13,Internet,Web,VASL,0th edition,,,,Tournois/LEAG3_13_res.html
VASL Western US League,January-December,2014,LEAG3_14,Internet,Web,VASL,0th edition,,,,Tournois/LEAG3_14_res.html
VASL Western US League,January-December,2015,LEAG3_15,Internet,Web,VASL,9th edition,RLB,VC1,BE3,Tournois/LEAG3_15_res.html
VASL Western US League,January-December,2016,LEAG3_16,Internet,Web,VASL,10th edition,,,,Tournois/LEAG3_16_res.html
VASL Second Line League,January-December,2016,LEAG4_16,Internet,Web,VASL,10th edition,,,,Tournois/LEAG4_16_res.html
Friendly Fire,September,2003,LINK_03,LinkÃ¶ping,Sweden,EU,1th edition,,,,Tournois/LINK_03_res.html
Friendly Fire,September,2004,LINK_04,LinkÃ¶ping,Sweden,EU,2th edition,,,,Tournois/LINK_04_res.html
Friendly Fire,August,2005,LINK_05,LinkÃ¶ping,Sweden,EU,3th edition,,,,Tournois/LINK_05_res.html
Friendly Fire,August,2006,LINK_06,LinkÃ¶ping,Sweden,EU,4th edition,,,,Tournois/LINK_06_res.html
Friendly Fire,September,2007,LINK_07,LinkÃ¶ping,Sweden,EU,5th edition,,,,Tournois/LINK_07_res.html
Friendly Fire,August,2008,LINK_08,LinkÃ¶ping,Sweden,EU,6th edition,,,,Tournois/LINK_08_res.html
Friendly Fire,August,2009,LINK_09,LinkÃ¶ping,Sweden,EU,7th edition,SDM,FKM,BIE,Tournois/LINK_09_res.html
Friendly Fire,September,2010,LINK_10,LinkÃ¶ping,Sweden,EU,8th edition,MMK,SSB,SDM,Tournois/LINK_10_res.html
Friendly Fire,September,2011,LINK_11,LinkÃ¶ping,Sweden,EU,9th edition,SSB,CNA,SDM,Tournois/LINK_11_res.html
Friendly Fire,August,2013,LINK_13,LinkÃ¶ping,Sweden,EU,10th edition,SSB,FKM,HHM,Tournois/LINK_13_res.html
Friendly Fire,September,2015,LINK_15,LinkÃ¶ping,Sweden,hidden,12th edition,FKM,LND,HNE,Tournois/LINK_15_res.html
Villeurbane,April,2011,LYON_11,Villeurbane,France,EU,1th edition,HUJ,TEG,,Tournois/LYON_11_res.html
Villeurbane,March-April,2012,LYON_12,Villeurbane,France,EU,2th edition,BNF,GDC,BIM,Tournois/LYON_12_res.html
Villeurbane,March,2013,LYON_13,Villeurbane,France,EU,3th edition,BNF,BXP,NOB,Tournois/LYON_13_res.html
Villeurbane,March,2014,LYON_14,Villeurbane,France,EU,4th edition,BXP,BNF,,Tournois/LYON_14_res.html
Villeurbane,March,2015,LYON_15,Villeurbane,France,EU,5th edition,BNF,,,Tournois/LYON_15_res.html
Street Fighting in Sioux City (MAGE Fall Con),September,2004,MAGEF_04,"Sioux City, IA",USA,US/Ca,0th edition,LRP,,,Tournois/MAGEF_04_res.html
Street Fighting in Sioux City (MAGE Fall Con),September,2005,MAGEF_05,"Sioux City, IA",USA,US/Ca,0th edition,NN1,,,Tournois/MAGEF_05_res.html
Street Fighting in Sioux City (MAGE Fall Con),September,2006,MAGEF_06,"Sioux City, IA",USA,US/Ca,0th edition,,,,Tournois/MAGEF_06_res.html
Street Fighting in Sioux City (MAGE Fall Con),September,2007,MAGEF_07,"Sioux City, IA",USA,US/Ca,0th edition,RTB,NN1,,Tournois/MAGEF_07_res.html
Street Fighting in Sioux City (MAGE Fall Con),August,2008,MAGEF_08,"Sioux City, IA",USA,US/Ca,0th edition,WSP,NN1,,Tournois/MAGEF_08_res.html
Street Fighting in Sioux City (MAGE Fall Con),September,2009,MAGEF_09,"Sioux City, IA",USA,US/Ca,0th edition,KAJ,ETS,W2R,Tournois/MAGEF_09_res.html
Street Fighting in Sioux City (MAGE Fall Con),September,2010,MAGEF_10,"Sioux City, IA",USA,US/Ca,0th edition,NN1,B5B,,Tournois/MAGEF_10_res.html
Fall Sioux City ASL Tournament,September,2011,MAGEF_11,"Sioux City, IA",USA,US/Ca,0th edition,LRP,NN1,LH7,Tournois/MAGEF_11_res.html
Street Fighting in Sioux City (MAGE Fall Con),September,2012,MAGEF_12,"Sioux City, IA",USA,US/Ca,0th edition,NN1,,,Tournois/MAGEF_12_res.html
Street Fighting in Sioux City (MAGE Fall Con),August-September,2013,MAGEF_13,"Sioux City, IA",USA,US/Ca,0th edition,BUM,WRN,,Tournois/MAGEF_13_res.html
Street Fighting in Sioux City (MAGE Fall Con),August,2014,MAGEF_14,"Sioux City, IA",USA,US/Ca,0th edition,LZB,KAJ,LRP,Tournois/MAGEF_14_res.html
Street Fighting in Sioux City (MAGE Spring Con),April,2006,MAGES_06,"Sioux City, IA",USA,US/Ca,0th edition,ZTL,,,Tournois/MAGES_06_res.html
Street Fighting in Sioux City (MAGE Spring Con),April-September,2008,MAGES_08,"Sioux City, IA",USA,US/Ca,0th edition,B4D,M3T,B5B,Tournois/MAGES_08_res.html
Street Fighting in Sioux City (MAGE Spring Con),April,2009,MAGES_09,"Sioux City, IA",USA,US/Ca,0th edition,KAJ,ZTL,NN1,Tournois/MAGES_09_res.html
Street Fighting in Sioux City (MAGE Spring Con),April,2010,MAGES_10,"Sioux City, IA",USA,US/Ca,0th edition,NN1,B5B,,Tournois/MAGES_10_res.html
Street Fighting in Sioux City (MAGE Spring Con),April,2012,MAGES_12,"Sioux City, IA",USA,US/Ca,0th edition,NN1,KAJ,,Tournois/MAGES_12_res.html
Street Fighting in Sioux City (MAGE Spring Con),April,2013,MAGES_13,"Sioux City, IA",USA,US/Ca,0th edition,KAJ,WRN,ZTL,Tournois/MAGES_13_res.html
VASL Major League,January-December,2007,MAJOR_07,Internet,Web,hidden,0th edition,PIA,COE,HEO,Tournois/MAJOR_07_res.html
VASL Major League,January-December,2008,MAJOR_08,Internet,Web,hidden,0th edition,TRA,COE,CE3,Tournois/MAJOR_08_res.html
VASL Major League,January-December,2009,MAJOR_09,Internet,Web,hidden,0th edition,TRA,TAG,RIT,Tournois/MAJOR_09_res.html
VASL Major League,January-December,2010,MAJOR_10,Internet,Web,hidden,0th edition,FYG,PIA,WAB,Tournois/MAJOR_10_res.html
Manitoba ASL Open,September,2012,MANIT_12,"Winnipeg, Manitoba",Canada,US/Ca,1th edition,KLS,LTR,HL7,Tournois/MANIT_12_res.html
March Madness,March,2006,MARCH_06,Kansas City,USA,US/Ca,1th edition,RHB,MRR,BYG,Tournois/MARCH_06_res.html
March Madness,March,2007,MARCH_07,Kansas City,USA,US/Ca,2th edition,BSI,DRS,SSW,Tournois/MARCH_07_res.html
March Madness,March,2008,MARCH_08,Kansas City,USA,US/Ca,3th edition,VNW,NN1,KKD,Tournois/MARCH_08_res.html
March Madness,March,2009,MARCH_09,Kansas City,USA,US/Ca,4th edition,BSI,SZR,TAG,Tournois/MARCH_09_res.html
March Madness,March,2010,MARCH_10,Kansas City,USA,US/Ca,5th edition,BSI,DGJ,DNM,Tournois/MARCH_10_res.html
March Madness,March,2011,MARCH_11,Kansas City,USA,US/Ca,6th edition,KKD,VNW,WRN,Tournois/MARCH_11_res.html
March Madness,March,2012,MARCH_12,Kansas City,USA,US/Ca,7th edition,ZCM,NN1,RHR,Tournois/MARCH_12_res.html
March Madness,March,2013,MARCH_13,Kansas City,USA,US/Ca,8th edition,PAD,RHB,KKD,Tournois/MARCH_13_res.html
March Madness,March,2014,MARCH_14,Kansas City,USA,US/Ca,9th edition,BSI,M21,KKD,Tournois/MARCH_14_res.html
March Madness,March,2015,MARCH_15,Kansas City,USA,US/Ca,10th edition,KKD,,,Tournois/MARCH_15_res.html
March Madness,March,2016,MARCH_16,Kansas City,USA,US/Ca,11th edition,M21,ASK,BSI,Tournois/MARCH_16_res.html
March Madness,March,2017,MARCH_17,Kansas City,USA,US/Ca,12th edition,M21,,,Tournois/MARCH_17_res.html
VASL Central US Warman League,January-December,2007,MINC_07,Internet,Web,VASL,0th edition,GRE,LRP,NAC,Tournois/MINC_07_res.html
VASL Central US Warman League,January-December,2008,MINC_08,Internet,Web,VASL,0th edition,YGK,WSS,HY2,Tournois/MINC_08_res.html
VASL Central US Warman League,January-December,2009,MINC_09,Internet,Web,VASL,0th edition,EEM,MISSING-4,HGG,Tournois/MINC_09_res.html
VASL Central US and Canada League,January-December,2010,MINC_10,Internet,Web,VASL,0th edition,HNI,FNR,MSD,Tournois/MINC_10_res.html
VASL Central/West US and Canada League,January-December,2011,MINC_11,Internet,Web,VASL,0th edition,BN2,HYT,WRH,Tournois/MINC_11_res.html
VASL West/Central US and Canada League,January-November ,2012,MINC_12,Internet,Web,VASL,0th edition,SFN,RGL,JND,Tournois/MINC_12_res.html
VASL European Minor League,January-December,2007,MINEU_07,Internet,Web,VASL,0th edition,MIF,GRC,MISSING-6,Tournois/MINEU_07_res.html
VASL European Minor League,January-December,2008,MINEU_08,Internet,Web,VASL,0th edition,JDL,IAS,SEA,Tournois/MINEU_08_res.html
VASL European Minor League,January-December,2009,MINEU_09,Internet,Web,VASL,0th edition,BLJ,SYA,MIC,Tournois/MINEU_09_res.html
VASL European and Oceanian League,January-December,2010,MINEU_10,Internet,Web,VASL,0th edition,BNF,HEO,VAM,Tournois/MINEU_10_res.html
VASL European and Oceanian League,January-December,2011,MINEU_11,Internet,Web,VASL,0th edition,OIA,CIL,CNN,Tournois/MINEU_11_res.html
VASL European and Oceanian League,January-November,2012,MINEU_12,Internet,Web,VASL,0th edition,NOB,PES,H1M,Tournois/MINEU_12_res.html
VASL Eastern US League,January-December,2008,MINE_08,Internet,Web,VASL,0th edition,KYM,MIK,RAE,Tournois/MINE_08_res.html
VASL Eastern US League,January-December,2009,MINE_09,Internet,Web,VASL,0th edition,BPJ,FYG,WS1,Tournois/MINE_09_res.html
VASL Eastern US and Canada League,January-December,2010,MINE_10,Internet,Web,VASL,0th edition,DHR,CDP,GRE,Tournois/MINE_10_res.html
VASL Eastern US and Canada League,January-December,2011,MINE_11,Internet,Web,VASL,0th edition,CEJ,AGS,CMD,Tournois/MINE_11_res.html
VASL Eastern US and Canada League,January-November,2012,MINE_12,Internet,Web,VASL,0th edition,CSB,WN3,CMD,Tournois/MINE_12_res.html
VASL US III League,January-December,2007,MINUS_07,Internet,Web,VASL,0th edition,TRA,TAG,KGS,Tournois/MINUS_07_res.html
VASL Western US League,January-December,2008,MINW_08,Internet,Web,VASL,0th edition,KGS,TN2,CLR,Tournois/MINW_08_res.html
Malaya Madness,February,2014,MLAYA_14,Singapore,Malaya,other,1th edition,,,,Tournois/MLAYA_14_res.html
Rencontres ASL,January-February,2003,NAMU_03,Namur,Belgium,EU,1th edition,,,,Tournois/NAMU_03_res.html
Rencontres ASL,February,2005,NAMU_05,Namur,Belgium,EU,2th edition,,,,Tournois/NAMU_05_res.html
NOR-EASTER,March-April,2000,NOR-E_00,"Marlborough, MA",USA,US/Ca,0th edition,PAS,NAC,FOC,Tournois/NOR-E_00_res.html
NOR-EASTER,March,2001,NOR-E_01,"Marlborough, MA",USA,US/Ca,0th edition,PAS,AGM,LEE,Tournois/NOR-E_01_res.html
NOR-EASTER,March,2002,NOR-E_02,"Marlborough, MA",USA,US/Ca,0th edition,DE2,NNL,MNT,Tournois/NOR-E_02_res.html
NOR-EASTER,March,2003,NOR-E_03,"Marlborough, MA",USA,US/Ca,0th edition,,,,Tournois/NOR-E_03_res.html
NOR-EASTER,March,2004,NOR-E_04,"Marlborough, MA",USA,US/Ca,0th edition,MNT,JSS,CED,Tournois/NOR-E_04_res.html
NOR-EASTER,March,2005,NOR-E_05,"Marlborough, MA",USA,US/Ca,0th edition,PAS,NAC,TNI,Tournois/NOR-E_05_res.html
NOR-EASTER,March,2006,NOR-E_06,"Marlborough, MA",USA,US/Ca,0th edition,SUP,NAC,MNT,Tournois/NOR-E_06_res.html
NOR-EASTER,March,2007,NOR-E_07,"Marlborough, MA",USA,US/Ca,0th edition,DE2,WAB,MIG,Tournois/NOR-E_07_res.html
NOR-EASTER,March,2008,NOR-E_08,"Marlborough, MA",USA,US/Ca,0th edition,NAC,SLC,TAG,Tournois/NOR-E_08_res.html
NOR-EASTER,March,2009,NOR-E_09,"Marlborough, MA",USA,US/Ca,0th edition,SUP,LEA,DE2,Tournois/NOR-E_09_res.html
NOR-EASTER,March,2010,NOR-E_10,"Boxborough, MA",USA,US/Ca,14th edition,LEA,,,Tournois/NOR-E_10_res.html
NOR-EASTER,March,2011,NOR-E_11,"Boxborough, MA",USA,US/Ca,15th edition,TAG,LEA,ANT,Tournois/NOR-E_11_res.html
NOR-EASTER,March,2012,NOR-E_12,"Boxborough, MA",USA,US/Ca,16th edition,MIG,SUP,JSS,Tournois/NOR-E_12_res.html
NOR-EASTER,March,2013,NOR-E_13,"Boxborough, MA",USA,US/Ca,17th edition,SUP,MIG,TAG,Tournois/NOR-E_13_res.html
NOR-EASTER,March,2014,NOR-E_14,"Boxborough, MA",USA,US/Ca,18th edition,NAC,DE2,DRS,Tournois/NOR-E_14_res.html
NOR-EASTER,March,2015,NOR-E_15,"Boxborough, MA",USA,US/Ca,19th edition,DE2,AGM,NAC,Tournois/NOR-E_15_res.html
NOR-EASTER,March-April,2016,NOR-E_16,"Boxborough, MA",USA,US/Ca,20th edition,,,,Tournois/NOR-E_16_res.html
NOR-EASTER,March-April,2017,NOR-E_17,"Boxborough, MA",USA,US/Ca,21th edition,,,,Tournois/NOR-E_17_res.html
NOR-EASTER,April,1999,NOR-E_99,"Groton, CT",USA,US/Ca,3th edition,OAM,LEA,MDR,Tournois/NOR-E_99_res.html
Tournoi Interne Nord,June,2001,NORD_01,Lille,France,EU,1th edition,,,,Tournois/NORD_01_res.html
Northwest ASL Championship,February,2012,NWEST_12,Issaquah (WA),USA,US/Ca,0th edition,WYI,JSI,DYS,Tournois/NWEST_12_res.html
Northwest ASL Championship,February,2013,NWEST_13,Issaquah (WA),USA,US/Ca,0th edition,WY1,K2G,,Tournois/NWEST_13_res.html
Northwest ASL Championship,February,2014,NWEST_14,Issaquah (WA),USA,US/Ca,0th edition,FRL,,,Tournois/NWEST_14_res.html
Northwest ASL Championship,February,2015,NWEST_15,Issaquah (WA),USA,US/Ca,0th edition,FRL,,,Tournois/NWEST_15_res.html
Northwest ASL Championship,February,2016,NWEST_16,Issaquah (WA),USA,hidden,0th edition,,,,Tournois/NWEST_16_res.html
Northwest ASL Championship,February,2017,NWEST_17,Issaquah (WA),USA,hidden,0th edition,,,,Tournois/NWEST_17_res.html
NYS ASL Championship,December,2005,NYS_05,Albany NY,USA,US/Ca,2th edition,PAS,VNW,LEE,Tournois/NYS_05_res.html
NYS ASL Championship,December,2006,NYS_06,Albany NY,USA,US/Ca,3th edition,,,,Tournois/NYS_06_res.html
NYS ASL Championship,November-December,2007,NYS_07,Albany NY,USA,US/Ca,4th edition,SUP,PAS,BSB,Tournois/NYS_07_res.html
NYS ASL Championship,December,2008,NYS_08,Albany NY,USA,US/Ca,5th edition,PAS,SUP,NAC,Tournois/NYS_08_res.html
NYS ASL Championship,December,2009,NYS_09,Albany NY,USA,US/Ca,6th edition,TYJ,RIR,SUP,Tournois/NYS_09_res.html
NYS ASL Championship,December,2010,NYS_10,Albany NY,USA,US/Ca,7th edition,BSB,MIG,SUP,Tournois/NYS_10_res.html
NYS ASL Championship,December,2011,NYS_11,Albany NY,USA,US/Ca,8th edition,RNA,TYJ,BSB,Tournois/NYS_11_res.html
NYS ASL Championship,November-December,2012,NYS_12,Albany NY,USA,US/Ca,9th edition,PAS,FYG,HNB,Tournois/NYS_12_res.html
NYS ASL Championship,December,2013,NYS_13,Albany NY,USA,US/Ca,10th edition,MIG,SUP,NAC,Tournois/NYS_13_res.html
NYS ASL Championship,December,2014,NYS_14,Albany NY,USA,US/Ca,11th edition,SUP,HNB,CDP,Tournois/NYS_14_res.html
NYS ASL Championship,December,2015,NYS_15,Albany NY,USA,US/Ca,12th edition,TYJ,SFP,CDP,Tournois/NYS_15_res.html
NYS ASL Championship,December,2016,NYS_16,Albany NY,USA,US/Ca,13th edition,SUP,HHM,CNC,Tournois/NYS_16_res.html
ASL OPEN,April,2002,OPEN_02,"Chicago,IL",USA,US/Ca,0th edition,HNB,PSO,KKD,Tournois/OPEN_02_res.html
ASL OPEN,April-May,2005,OPEN_05,"Chicago,IL",USA,US/Ca,0th edition,,,,Tournois/OPEN_05_res.html
ASL OPEN,March-April,2006,OPEN_06,"Chicago,IL",USA,US/Ca,0th edition,,,,Tournois/OPEN_06_res.html
ASL OPEN,April,2007,OPEN_07,"Chicago,IL",USA,US/Ca,0th edition,BSB,SGP,DSN,Tournois/OPEN_07_res.html
ASL OPEN,April,2008,OPEN_08,"Chicago,IL",USA,US/Ca,0th edition,,,,Tournois/OPEN_08_res.html
ASL OPEN,April,2009,OPEN_09,"Chicago,IL",USA,US/Ca,0th edition,,,,Tournois/OPEN_09_res.html
ASL OPEN,April,2010,OPEN_10,"Chicago,IL",USA,US/Ca,0th edition,RIR,SYI,JNS,Tournois/OPEN_10_res.html
ASL OPEN,April,2011,OPEN_11,"Chicago,IL",USA,US/Ca,0th edition,HNB,BCR,KKD,Tournois/OPEN_11_res.html
ASL OPEN,April,2012,OPEN_12,"Chicago,IL",USA,US/Ca,0th edition,HMB,DHR,HDB,Tournois/OPEN_12_res.html
ASL OPEN,April,2013,OPEN_13,"Chicago,IL",USA,US/Ca,0th edition,ZZM,HDB,KKD,Tournois/OPEN_13_res.html
ASL OPEN,April,2014,OPEN_14,"Chicago,IL",USA,US/Ca,0th edition,SYI,JNS,DSS,Tournois/OPEN_14_res.html
ASL OPEN,April,2015,OPEN_15,"Chicago,IL",USA,US/Ca,0th edition,YRT,VNW,JNS,Tournois/OPEN_15_res.html
ASL OPEN,April,2016,OPEN_16,"Chicago,IL",USA,US/Ca,0th edition,HNB,DHR,VNW,Tournois/OPEN_16_res.html
ASL OPEN,March-April,2017,OPEN_17,"Chicago,IL",USA,US/Ca,0th edition,HNB,VNW,BSC,Tournois/OPEN_17_res.html
OSLO on TOP,January-December,2004,OSLO_04,Oslo,Norway,EU,1th edition,BEO,NSO,LYK,Tournois/OSLO_04_res.html
OSLO on TOP,January-December ,2005,OSLO_05,Oslo,Norway,EU,2th edition,MISSING-14,HEO,BEO,Tournois/OSLO_05_res.html
OSLO on TOP,January-December,2006,OSLO_06,Oslo,Norway,EU,3th edition,HEO,BEO,TNE,Tournois/OSLO_06_res.html
OSLO on TOP,January-December,2007,OSLO_07,Oslo,Norway,EU,4th edition,HEO,BEO,HOT,Tournois/OSLO_07_res.html
OSLO on TOP,January-December,2008,OSLO_08,Oslo,Norway,EU,5th edition,HEO,MISSING-13,SS8,Tournois/OSLO_08_res.html
ASL Ring,June,2001,RING_01,Villeneuve d'Asq,France,EU,11th edition,TSY,BXP,BNF,Tournois/RING_01_res.html
ASL Ring,May,2002,RING_02,Villeneuve d'Asq,France,EU,12th edition,TEG,MIC,BNF,Tournois/RING_02_res.html
ASL Ring,June,2003,RING_03,Villeneuve d'Asq,France,EU,13th edition,SFP,GDC,DTP,Tournois/RING_03_res.html
ASL Ring,June-July,2004,RING_04,Villeneuve d'Asq,France,EU,14th edition,GDC,BXP,BNF,Tournois/RING_04_res.html
ASL Ring,May,2005,RING_05,Villeneuve d'Asq,France,EU,15th edition,NOB,MIC,PTJ,Tournois/RING_05_res.html
ASL Ring,June,2006,RING_06,Villeneuve d'Asq,France,EU,16th edition,SFP,COP,RRP,Tournois/RING_06_res.html
ASL Ring,May,2007,RING_07,Villeneuve d'Asq,France,EU,17th edition,TEG,NOB,LRJ,Tournois/RING_07_res.html
ASL Ring,May,2008,RING_08,Villeneuve d'Asq,France,EU,18th edition,TEG,REA,BNF,Tournois/RING_08_res.html
ASL Ring,May,2009,RING_09,Villeneuve d'Asq,France,EU,19th edition,FTL,BXP,GDC,Tournois/RING_09_res.html
ASL Ring,May,2010,RING_10,Villeneuve d'Asq,France,EU,20th edition,TEG,BNF,GDC,Tournois/RING_10_res.html
ASL Ring,June,2011,RING_11,Villeneuve d'Asq,France,EU,21th edition,TEG,HLS,KTA,Tournois/RING_11_res.html
ASL Ring,May,2012,RING_12,Villeneuve d'Asq,France,EU,22th edition,TEG,BNF,C2L,Tournois/RING_12_res.html
ASL Ring,May,2013,RING_13,Villeneuve d'Asq,France,EU,23th edition,TEG,RRP,FTL,Tournois/RING_13_res.html
ASL Ring,June,2014,RING_14,Villeneuve d'Asq,France,EU,24th edition,FTL,KTA,HLS,Tournois/RING_14_res.html
ASL Ring,June,2015,RING_15,Villeneuve d'Asq,France,EU,25th edition,MNG,BXP,,Tournois/RING_15_res.html
ASL Ring,May,2016,RING_16,Villeneuve d'Asq,France,EU,26th edition,BIM,DHO,NOB,Tournois/RING_16_res.html
ASL Ring,June,2017,RING_17,Villeneuve d'Asq,France,EU,27th edition,HZS,NOB,BXP,Tournois/RING_17_res.html
Stockholm ASL,May-June,2003,SAT_03,Stockholm,Sweden,EU,1th edition,FKM,RGC,LZJ,Tournois/SAT_03_res.html
Stockholm ASL,May,2004,SAT_04,Stockholm,Sweden,EU,2th edition,MGP,FKM,SNJ,Tournois/SAT_04_res.html
Stockholm ASL,May,2005,SAT_05,Stockholm,Sweden,EU,3th edition,FKM,GNO,SDM,Tournois/SAT_05_res.html
Stockholm ASL,May,2006,SAT_06,Stockholm,Sweden,EU,4th edition,GNO,SDM,RGC,Tournois/SAT_06_res.html
Stockholm ASL,May,2007,SAT_07,Stockholm,Sweden,EU,5th edition,MGP,MMK,SDM,Tournois/SAT_07_res.html
Stockholm ASL,May,2008,SAT_08,Stockholm,Sweden,EU,6th edition,HNP,FKM,SDM,Tournois/SAT_08_res.html
Stockholm ASL,May,2009,SAT_09,Stockholm,Sweden,EU,7th edition,SDM,GNO,,Tournois/SAT_09_res.html
Stockholm ASL,May,2010,SAT_10,Stockholm,Sweden,EU,8th edition,GNO,RMM,SDM,Tournois/SAT_10_res.html
Stockholm ASL,June,2011,SAT_11,Stockholm,Sweden,EU,9th edition,FKM,,,Tournois/SAT_11_res.html
Stockholm ASL,May,2012,SAT_12,Stockholm,Sweden,EU,10th edition,HNP,,,Tournois/SAT_12_res.html
Stockholm ASL,May,2013,SAT_13,Stockholm,Sweden,EU,11th edition,FKM,C2E,KIT,Tournois/SAT_13_res.html
Stockholm ASL,May-June,2014,SAT_14,Stockholm,Sweden,EU,12th edition,,,,Tournois/SAT_14_res.html
Stockholm ASL,May-June,2015,SAT_15,Stockholm,Sweden,EU,13th edition,CNA,,,Tournois/SAT_15_res.html
Stockholm ASL,May-June,2016,SAT_16,Stockholm,Sweden,EU,14th edition,,CNA,,Tournois/SAT_16_res.html
Scandinavian Open,February,2000,SCO_00,Copenhague,Denmark,EU,3th edition,TEG,,FKM,Tournois/SCO_00_res.html
Scandinavian Open,February,2001,SCO_01,Copenhague,Denmark,EU,4th edition,TEG,FKM,CNN,Tournois/SCO_01_res.html
Scandinavian Open,February,2002,SCO_02,Copenhague,Denmark,EU,5th edition,TLJ,PGT,TEG,Tournois/SCO_02_res.html
Scandinavian Open,February,2003,SCO_03,Copenhague,Denmark,EU,6th edition,PGT,FKM,RGC,Tournois/SCO_03_res.html
Scandinavian Open,February,2004,SCO_04,Copenhague,Denmark,EU,7th edition,MLB,PGT,MGP,Tournois/SCO_04_res.html
Scandinavian Open,February,2005,SCO_05,Copenhague,Denmark,EU,8th edition,PGT,FKM,LNN,Tournois/SCO_05_res.html
Scandinavian Open,February,2006,SCO_06,Copenhague,Denmark,EU,9th edition,SFP,PGT,RMM,Tournois/SCO_06_res.html
Scandinavian Open,February,2007,SCO_07,Copenhague,Denmark,EU,10th edition,SFP,SSB,PGT,Tournois/SCO_07_res.html
Scandinavian Open,February,2008,SCO_08,Copenhague,Denmark,EU,11th edition,FKM,PGT,MMK,Tournois/SCO_08_res.html
Scandinavian Open,February,2009,SCO_09,Copenhague,Denmark,EU,12th edition,FKM,,,Tournois/SCO_09_res.html
Scandinavian Open,February,2010,SCO_10,Copenhague,Denmark,EU,13th edition,PGT,FKM,BLM,Tournois/SCO_10_res.html
Scandinavian Open,February,2011,SCO_11,Copenhague,Denmark,EU,14th edition,SDM,FKM,MMK,Tournois/SCO_11_res.html
Scandinavian Open,February,2012,SCO_12,Copenhague,Denmark,EU,15th edition,FKM,TEG,,Tournois/SCO_12_res.html
Scandinavian Open,February,2013,SCO_13,Copenhague,Denmark,EU,16th edition,PGT,SEA,,Tournois/SCO_13_res.html
Scandinavian Open,February,2014,SCO_14,Copenhague,Denmark,EU,17th edition,FKM,WDD,TEG,Tournois/SCO_14_res.html
Scandinavian Open,February,1998,SCO_98,Copenhague,Denmark,EU,1th edition,FKM,,HHM,Tournois/SCO_98_res.html
Scandinavian Open,February,1999,SCO_99,Copenhague,Denmark,EU,2th edition,TEG,TRD,FKM,Tournois/SCO_99_res.html
Street Fighting in Sioux City (MAGE Fall Con),September,2015,SIOUX_15,"Sioux City, IA",USA,US/Ca,0th edition,WSP,,,Tournois/SIOUX_15_res.html
Sissukoni Tournament,August,2003,SISSU_03,,Finland,EU,0th edition,,,,Tournois/SISSU_03_res.html
Sissukoni,August,2013,SISSU_13,Helsinki,Finland,EU,15th edition,KAT,WDA,,Tournois/SISSU_13_res.html
Sissukoni,August,2014,SISSU_14,Helsinki,Finland,EU,16th edition,VI0,LI4,KA4,Tournois/SISSU_14_res.html
Sissukoni,August,2015,SISSU_15,Helsinki,Finland,EU,17th edition,KA4,LI4,RNJ,Tournois/SISSU_15_res.html
Sissukoni,August,2016,SISSU_16,Helsinki,Finland,EU,18th edition,,,,Tournois/SISSU_16_res.html
SL Association of Brisbane,January-May,2014,SLAB_14,Brisbane,Australia,other,1th edition,WRN,WRP,,Tournois/SLAB_14_res.html
San Marino Con,May,2006,SMAR_06,San Marino,Italy,EU,1th edition,PIA,DAU,,Tournois/SMAR_06_res.html
San Marino Con,May,2007,SMAR_07,San Marino,Italy,EU,2th edition,PIA,COA,TIM,Tournois/SMAR_07_res.html
San Marino Con,May,2008,SMAR_08,San Marino,Italy,EU,3th edition,DAU,COS,DOR,Tournois/SMAR_08_res.html
San Marino Con,May,2009,SMAR_09,San Marino,Italy,EU,4th edition,DAU,7SA,TIM,Tournois/SMAR_09_res.html
San Marino Con,May,2013,SMAR_13,San Marino,Italy,EU,5th edition,COA,COS,GAE,Tournois/SMAR_13_res.html
San Marino Con,May,2014,SMAR_14,San Marino,Italy,EU,6th edition,COA,COS,MAG,Tournois/SMAR_14_res.html
Special Carl s : Night,April,2015,SPEC1_15,Internet,Web,VASL,1th edition,RIR,,,Tournois/SPEC1_15_res.html
Special Carl s : Desert,July,2015,SPEC2_15,Internet,Web,VASL,1th edition,,,,Tournois/SPEC2_15_res.html
Special Carl s : altogether,July,2016,SPEC_16,Internet,Web,VASL,2th edition,,,,Tournois/SPEC_16_res.html
Saint Louis ASL Tournament,July,2000,STLOU_00,St-Louis (MO),USA,US/Ca,3th edition,BRS,KKD,VNW,Tournois/STLOU_00_res.html
Saint Louis ASL Tournament,July,2001,STLOU_01,St-Louis (MO),USA,US/Ca,4th edition,SUP,VNW,KKD,Tournois/STLOU_01_res.html
Saint Louis ASL Tournament,July,2002,STLOU_02,St-Louis (MO),USA,US/Ca,5th edition,VNW,RIR,C26,Tournois/STLOU_02_res.html
Saint Louis ASL Tournament,July,2003,STLOU_03,St-Louis (MO),USA,US/Ca,6th edition,WSP,SZR,TAG,Tournois/STLOU_03_res.html
Saint Louis ASL Tournament,July,2004,STLOU_04,St-Louis (MO),USA,US/Ca,7th edition,HMB,KKD,RIR,Tournois/STLOU_04_res.html
Saint Louis ASL Tournament,July,2005,STLOU_05,St-Louis (MO),USA,US/Ca,8th edition,HMB,VNW,AID,Tournois/STLOU_05_res.html
Saint Louis ASL Tournament,July,2006,STLOU_06,St-Louis (MO),USA,US/Ca,9th edition,TAG,KKD,ENS,Tournois/STLOU_06_res.html
Saint Louis ASL Tournament,July,2007,STLOU_07,St-Louis (MO),USA,US/Ca,10th edition,BSB,BTD,GNI,Tournois/STLOU_07_res.html
Saint Louis ASL Tournament,July,2008,STLOU_08,St-Louis (MO),USA,US/Ca,11th edition,VNW,GNI,HMB,Tournois/STLOU_08_res.html
Saint Louis ASL Tournament,July,2009,STLOU_09,St-Louis (MO),USA,US/Ca,12th edition,VNW,ILJ,B4D,Tournois/STLOU_09_res.html
Saint Louis ASL Tournament,July,2010,STLOU_10,St-Louis (MO),USA,US/Ca,13th edition,VNW,KKD,DHR,Tournois/STLOU_10_res.html
Saint Louis ASL Tournament,July,2011,STLOU_11,St-Louis (MO),USA,US/Ca,14th edition,VNW,12J,WSP,Tournois/STLOU_11_res.html
Saint Louis ASL Tournament,July,2012,STLOU_12,St-Louis (MO),USA,US/Ca,15th edition,WSP,HMB,DHR,Tournois/STLOU_12_res.html
Saint Louis ASL Tournament,July,2013,STLOU_13,St-Louis (MO),USA,US/Ca,16th edition,WSC,VNW,KKD,Tournois/STLOU_13_res.html
Saint Louis ASL Tournament,July,2014,STLOU_14,St-Louis (MO),USA,US/Ca,17th edition,TEG,VNW,DHR,Tournois/STLOU_14_res.html
Saint Louis ASL Tournament,July,2015,STLOU_15,St-Louis (MO),USA,US/Ca,18th edition,WSP,DHR,ILJ,Tournois/STLOU_15_res.html
Saint Louis ASL Tournament,July,2016,STLOU_16,St-Louis (MO),USA,US/Ca,19th edition,,,,Tournois/STLOU_16_res.html
Saint Louis ASL Tournament,July,2017,STLOU_17,St-Louis (MO),USA,US/Ca,20th edition,DHR,PGT,,Tournois/STLOU_17_res.html
Supporting Fire,September,2012,SUPPF_12,Boras,Sweden,EU,1th edition,HHM,,,Tournois/SUPPF_12_res.html
Supporting Fire,November,2013,SUPPF_13,Boras,Sweden,EU,2th edition,,,,Tournois/SUPPF_13_res.html
Supporting Fire,November,2014,SUPPF_14,Boras,Sweden,EU,3th edition,FKM,,,Tournois/SUPPF_14_res.html
Supporting Fire,November,2015,SUPPF_15,Boras,Sweden,EU,4th edition,KNM,,,Tournois/SUPPF_15_res.html
Supporting Fire,November,2016,SUPPF_16,Boras,Sweden,EU,5th edition,,,,Tournois/SUPPF_16_res.html
TEXAS TEAM TOURNAMENT,June,2008,TEXAS_08,"Austin, TX",USA,US/Ca,16th edition,FLJ,SZR,SKM,Tournois/TEXAS_08_res.html
TEXAS TEAM TOURNAMENT,June,2009,TEXAS_09,"Austin, TX",USA,US/Ca,17th edition,SNK,FLJ,,Tournois/TEXAS_09_res.html
TEXAS TEAM TOURNAMENT,June,2010,TEXAS_10,"Austin, TX",USA,US/Ca,18th edition,FLJ,FYG,,Tournois/TEXAS_10_res.html
TEXAS TEAM TOURNAMENT,June,2011,TEXAS_11,"Austin, TX",USA,US/Ca,19th edition,FYG,CDP,,Tournois/TEXAS_11_res.html
TEXAS TEAM TOURNAMENT,June,2012,TEXAS_12,"Austin, TX",USA,US/Ca,20th edition,FYG,SKM,,Tournois/TEXAS_12_res.html
TEXAS TEAM TOURNAMENT,June,2013,TEXAS_13,"Austin, TX",USA,US/Ca,21th edition,TAG,SKM,,Tournois/TEXAS_13_res.html
TEXAS TEAM TOURNAMENT,June,2014,TEXAS_14,"Austin, TX",USA,US/Ca,22th edition,HS1,SKM,,Tournois/TEXAS_14_res.html
TEXAS TEAM TOURNAMENT,June,2015,TEXAS_15,"Austin, TX",USA,US/Ca,23th edition,,,,Tournois/TEXAS_15_res.html
TEXAS TEAM TOURNAMENT,June,2016,TEXAS_16,"Austin, TX",USA,US/Ca,24th edition,,,,Tournois/TEXAS_16_res.html
TEXAS TEAM TOURNAMENT,June,2017,TEXAS_17,"Austin, TX",USA,US/Ca,25th edition,,,,Tournois/TEXAS_17_res.html
VASL Top League,January-December,2007,TOP_07,Internet,Web,VASL,1th edition,PIA,COE,HEO,Tournois/TOP_07_res.html
VASL Top League,January-December,2008,TOP_08,Internet,Web,VASL,2th edition,TRA,COE,CE3,Tournois/TOP_08_res.html
VASL Top League,January-December,2009,TOP_09,Internet,Web,VASL,3th edition,TRA,TAG,RIT,Tournois/TOP_09_res.html
VASL Top League,January-December,2010,TOP_10,Internet,Web,VASL,4th edition,FYG,PIA,WAB,Tournois/TOP_10_res.html
VASL Top League,January-December,2011,TOP_11,Internet,Web,VASL,5th edition,FYG,COE,MEJ,Tournois/TOP_11_res.html
VASL Top League,January-November,2012,TOP_12,Internet,Web,VASL,6th edition,MEJ,FYG,DHR,Tournois/TOP_12_res.html
TRENCH,July,2004,TREN_04,,Belgique,EU,0th edition,,,,Tournois/TREN_04_res.html
Tournoi Sud Mediterrannee,April,2001,TSM_01,Nimes,France,EU,1th edition,CNL,MISSING-22,BXP,Tournois/TSM_01_res.html
Tournoi Sud Mediterrannee,March-April,2002,TSM_02,Nimes,France,EU,2th edition,BXP,CNL,MOI,Tournois/TSM_02_res.html
Tournoi Sud Mediterrannee,April,2003,TSM_03,Nimes,France,EU,3th edition,SZL,MOI,GDC,Tournois/TSM_03_res.html
Tournoi Sud Mediterrannee,April,2004,TSM_04,Nimes,France,EU,4th edition,BXP,GDC,BNF,Tournois/TSM_04_res.html
Tournoi Sud Mediterrannee,March,2005,TSM_05,Nimes,France,EU,5th edition,BNF,GDC,BXP,Tournois/TSM_05_res.html
Tournoi Sud Mediterrannee,April,2006,TSM_06,Nimes,France,EU,6th edition,GDC,TEG,MOI,Tournois/TSM_06_res.html
Tournoi Sud Mediterrannee,April,2007,TSM_07,Nimes,France,EU,7th edition,SFP,GDC,BXP,Tournois/TSM_07_res.html
Tussle in the Tundra,July,2012,TUSSL_12,Manchester (NH),USA,US/Ca,0th edition,CDP,,,Tournois/TUSSL_12_res.html
Tussle in the Tundra,July,2013,TUSSL_13,Manchester (NH),USA,US/Ca,0th edition,CDP,,,Tournois/TUSSL_13_res.html
Tussle in the Tundra,July,2014,TUSSL_14,Manchester (NH),USA,US/Ca,0th edition,WAB,L33,,Tournois/TUSSL_14_res.html
Tussle in the Tundra,July,2015,TUSSL_15,Manchester (NH),USA,US/Ca,0th edition,AAR,,,Tournois/TUSSL_15_res.html
Tussle in the Tundra,July,2016,TUSSL_16,Manchester (NH),USA,US/Ca,0th edition,AAR,,,Tournois/TUSSL_16_res.html
West Coast Melee,February,2000,WCM_00,"Irvine, CA",USA,US/Ca,0th edition,,,,Tournois/WCM_00_res.html
West Coast Melee,February,2001,WCM_01,"Irvine, CA",USA,US/Ca,0th edition,,,,Tournois/WCM_01_res.html
West Coast Melee,February,2002,WCM_02,"Irvine, CA",USA,US/Ca,0th edition,,,,Tournois/WCM_02_res.html
West Coast Melee,February,2003,WCM_03,"Irvine, CA",USA,US/Ca,0th edition,,,,Tournois/WCM_03_res.html
West Coast Melee,February,2004,WCM_04,"Irvine, CA",USA,US/Ca,0th edition,,,,Tournois/WCM_04_res.html
West Coast Melee,February,2005,WCM_05,"Irvine, CA",USA,US/Ca,0th edition,,,,Tournois/WCM_05_res.html
West Coast Melee,February,2006,WCM_06,"Irvine, CA",USA,US/Ca,0th edition,,,,Tournois/WCM_06_res.html
West Coast Melee,February,2007,WCM_07,"Irvine, CA",USA,US/Ca,0th edition,,,,Tournois/WCM_07_res.html
West Coast Melee,February,2008,WCM_08,"Irvine, CA",USA,US/Ca,0th edition,,,,Tournois/WCM_08_res.html
West Coast Rumble,November,2008,WCR_08,Vancouver,Canada,US/Ca,2th edition,KSD,K2G,EEM,Tournois/WCR_08_res.html
West Coast Rumble,November,2009,WCR_09,Vancouver,Canada,US/Ca,3th edition,KSD,HHD,WER,Tournois/WCR_09_res.html
West Coast Rumble,November,2010,WCR_10,Vancouver,Canada,US/Ca,4th edition,KSD,JSI,K2G,Tournois/WCR_10_res.html
West Coast Rumble,November,2011,WCR_11,Vancouver,Canada,US/Ca,5th edition,KSD,FOR,WER,Tournois/WCR_11_res.html
West Coast Rumble,November,2012,WCR_12,Vancouver,Canada,US/Ca,6th edition,KSD,HHD,141,Tournois/WCR_12_res.html
West Coast Rumble,November,2013,WCR_13,Vancouver,Canada,US/Ca,7th edition,WER,KSD,GYT,Tournois/WCR_13_res.html
West Coast Rumble,November,2014,WCR_14,Vancouver,Canada,US/Ca,8th edition,WER,JSI,KSD,Tournois/WCR_14_res.html
West Coast Rumble,November,2015,WCR_15,Vancouver,Canada,US/Ca,9th edition,KSD,WER,RS2,Tournois/WCR_15_res.html
West Coast Rumble,November,2016,WCR_16,Vancouver,Canada,US/Ca,10th edition,,,,Tournois/WCR_16_res.html
WeASL,August-November,2008,WEASL_08,Internet,Web,VASL,0th edition,HNI,MISSING-6,,Tournois/WEASL_08_res.html
West Wall,May,2001,WEST_01,Allemange,Germany,EU,0th edition,BXP,VYX,MISSING-8,Tournois/WEST_01_res.html
Winter Offensive (only some games),January,2005,WOFF_05,Maryland,USA,US/Ca,0th edition,,,,Tournois/WOFF_05_res.html
Winter Offensive (only some games),January,2006,WOFF_06,Maryland,USA,US/Ca,0th edition,,,,Tournois/WOFF_06_res.html
Winter Offensive (only some games),January,2008,WOFF_08,Maryland,USA,US/Ca,0th edition,,,,Tournois/WOFF_08_res.html
Winter Offensive (only some games),January,2010,WOFF_10,Maryland,USA,US/Ca,0th edition,,,,Tournois/WOFF_10_res.html
Winter Offensive (only some games),January,2011,WOFF_11,Maryland,USA,US/Ca,0th edition,,,,Tournois/WOFF_11_res.html
Winter Offensive (only some games),January,2012,WOFF_12,Maryland,USA,US/Ca,0th edition,,,,Tournois/WOFF_12_res.html
Winter Offensive (only some games),January,2013,WOFF_13,Maryland,USA,US/Ca,0th edition,,,,Tournois/WOFF_13_res.html
Winter Offensive (only some games),January,2014,WOFF_14,Maryland,USA,US/Ca,0th edition,,,,Tournois/WOFF_14_res.html
Winter War,January,2013,WWAR_13,"Champaign, IL",USA,US/Ca,0th edition,TRA,WSC,CHT,Tournois/WWAR_13_res.html
Winter War,January,2014,WWAR_14,"Champaign, IL",USA,US/Ca,0th edition,RSS,GNI,TRA,Tournois/WWAR_14_res.html
Winter War,February,2015,WWAR_15,"Champaign, IL",USA,US/Ca,0th edition,KKD,VNW,DGJ,Tournois/WWAR_15_res.html
